target,mae,rmse,r2,max_abs,n_samples,model,T_holdout,RH_holdout
T,0.18685299983750206,0.20339960976264515,0.0,0.32677227881742965,20,ridge,35,20
RH,6.5085594694129325,6.5391582575588565,0.0,7.643270259648908,20,ridge,35,20
T,0.4049412472390436,0.4108758922741288,0.0,0.5672983128810003,20,ridge,35,30
RH,4.368471045178981,4.392804286955716,0.0,5.201288505937825,20,ridge,35,30
T,0.08385137491819421,0.10785276038601346,0.0,0.2258588446206602,20,ridge,35,40
RH,3.568917106812351,3.6034013937870863,0.0,4.9390202342131815,20,ridge,35,40
T,0.07607611420098515,0.09163076572251481,0.0,0.2083169872971098,20,ridge,35,50
RH,0.770405874802556,0.8252531836212681,0.0,1.1618285635537475,20,ridge,35,50
T,0.12065496156654695,0.15112845176874123,0.0,0.3457375411596715,20,ridge,35,60
RH,1.2539981707393681,1.397675927818385,0.0,2.2052378975349995,20,ridge,35,60
T,0.1651094999451317,0.18316357605232084,0.0,0.2825091233186896,20,ridge,35,70
RH,0.9492035577394908,1.059700621477978,0.0,1.7260087616234898,20,ridge,35,70
T,0.2569621169692432,0.27685575095607795,0.0,0.4278121576506564,20,ridge,35,80
RH,1.428041550953958,1.6383560107642208,0.0,3.152559733195446,20,ridge,35,80
T,0.07024041511868014,0.08167590705139359,0.0,0.157373068926276,20,ridge,45,20
RH,3.3224707858312557,3.36127677193546,0.0,4.1889662160544425,20,ridge,45,20
T,0.1758505237773708,0.20651183854420468,0.0,0.36044391602039383,20,ridge,45,30
RH,1.8194976352176333,1.89908810372405,0.0,3.047384040862159,20,ridge,45,30
T,0.10988783084370084,0.12691982609504301,0.0,0.20927713056171626,20,ridge,45,40
RH,3.3762500044374475,3.4088531757672778,0.0,4.39668657733975,20,ridge,45,40
T,0.1517466044524415,0.16242872611483014,0.0,0.24001101889261633,20,ridge,45,50
RH,1.4979207074887626,1.610267485129286,0.0,2.793017722671827,20,ridge,45,50
T,0.1560077874740351,0.16958302294575994,0.0,0.30011612941741106,20,ridge,45,60
RH,0.8494374137154843,0.9226834189729236,0.0,1.6806925263640906,20,ridge,45,60
T,0.16653146035137284,0.17552586596158906,0.0,0.26388694141765967,20,ridge,45,70
RH,1.39662697217343,1.4767178471981692,0.0,2.055733410480073,20,ridge,45,70
T,0.1532036402488192,0.16391662695586076,0.0,0.26915437221699534,20,ridge,45,80
RH,1.296737910466596,1.5139494090701358,0.0,2.533764035109641,20,ridge,45,80
T,0.10544022957726931,0.1264806031816858,0.0,0.25139574593926994,20,ridge,55,20
RH,2.6024798346726423,2.6898545716432603,0.0,3.844903239444772,20,ridge,55,20
T,0.44964184437919885,0.45744458159507007,0.0,0.6473188066099524,20,ridge,55,30
RH,1.5648316124638892,1.6105323786059915,0.0,2.2052782035242444,20,ridge,55,30
T,0.23814733338940605,0.24674483067667208,0.0,0.3538895923955465,20,ridge,55,40
RH,0.4070258985164557,0.4775096716881984,0.0,1.051216875082659,20,ridge,55,40
T,0.059402052819309145,0.07448897323278154,0.0,0.1623765890387432,20,ridge,55,50
RH,0.5113857155765544,0.6749127306041577,0.0,1.3957407186388409,20,ridge,55,50
T,0.05618937988246912,0.07074166319591493,0.0,0.1446929240791448,20,ridge,55,60
RH,0.8860007859916148,1.063098458544091,0.0,2.2656325603533176,20,ridge,55,60
T,0.0438378356202012,0.05825249211483511,0.0,0.16996620776180293,20,ridge,55,70
RH,1.3104702195416216,1.6684435012667347,0.0,3.757498645382981,20,ridge,55,70
T,0.07233617426024566,0.08390304463484057,0.0,0.17210406301797576,20,ridge,55,80
RH,0.9464650658221168,1.154018857837924,0.0,2.275830586271269,20,ridge,55,80
T,0.09034062334173783,0.10620274767236959,0.0,0.1772011296909568,20,ridge,65,20
RH,3.223878055940014,3.2685610455169183,0.0,4.197942423291611,20,ridge,65,20
T,0.06084642001570515,0.07000042597724536,0.0,0.12257741734049432,20,ridge,65,30
RH,1.8332771372785068,2.048437831720192,0.0,3.0415169180492043,20,ridge,65,30
T,0.087080733204062,0.10925027292023978,0.0,0.2640004686268469,20,ridge,65,40
RH,0.8411287642043611,1.0106198652950753,0.0,2.0982331906382683,20,ridge,65,40
T,0.07926674985586715,0.09419118115253065,0.0,0.19590195633355734,20,ridge,65,50
RH,0.867447307123474,1.0524960195835351,0.0,2.3379559209912273,20,ridge,65,50
T,0.07935439102219917,0.08641158392897645,0.0,0.15718668619149412,20,ridge,65,60
RH,0.9266994792556765,1.1568291932676071,0.0,2.3993752629423923,20,ridge,65,60
T,0.07820275539387396,0.10815471987952277,0.0,0.2762180701136572,20,ridge,65,70
RH,0.9036508116281539,1.1581377054934974,0.0,2.469929232163423,20,ridge,65,70
T,0.10010849976808131,0.12077477896813602,0.0,0.26279655422551684,20,ridge,65,80
RH,1.3265312645363472,1.6417665185789465,0.0,3.0986479375731477,20,ridge,65,80
T,0.15539729757150625,0.18011232956141277,0.0,0.363924861009977,20,ridge,75,20
RH,1.7343050950058114,1.8710809363020007,0.0,2.7187492926327543,20,ridge,75,20
T,0.09800137362089742,0.1285301840481505,0.0,0.3492910082214138,20,ridge,75,30
RH,0.8375992142269049,1.0999003815986925,0.0,2.5735203066166505,20,ridge,75,30
T,0.09570443431905104,0.10650020994831827,0.0,0.15974839925337392,20,ridge,75,40
RH,0.72880369177491,0.884823961589751,0.0,1.6805070111506666,20,ridge,75,40
T,0.11528082931483397,0.15440448669066417,0.0,0.28874409013782554,20,ridge,75,50
RH,1.0953900177079632,1.5384755194604072,0.0,4.463850276694124,20,ridge,75,50
T,0.1633651460546119,0.19020697631122108,0.0,0.40417436765480375,20,ridge,75,60
RH,0.7584056930047467,1.0178703382228915,0.0,2.74418385404271,20,ridge,75,60
T,0.1380744202553011,0.17445945129302706,0.0,0.38281915513732656,20,ridge,75,70
RH,1.271614308436422,1.4747772228694582,0.0,2.5784623079411233,20,ridge,75,70
T,0.2196367896126631,0.24663199165042352,0.0,0.405850431107055,20,ridge,75,80
RH,1.5273277202412927,1.8482067952174892,0.0,4.049985140116505,20,ridge,75,80
T,0.2079440467428661,0.22340272956080215,0.0,0.3516311273631061,20,lasso,35,20
RH,6.508725631510961,6.539320714684731,0.0,7.603756411563989,20,lasso,35,20
T,0.42368754660002705,0.42847001009187574,0.0,0.5573399999374402,20,lasso,35,30
RH,4.2731281952595666,4.2954045888278385,0.0,5.032038231768702,20,lasso,35,30
T,0.1156009036197169,0.13656522927252143,0.0,0.24470955836413566,20,lasso,35,40
RH,3.6376360402764347,3.667853144842389,0.0,4.951831900626665,20,lasso,35,40
T,0.04288806520843771,0.0536778748996826,0.0,0.11762044272158789,20,lasso,35,50
RH,0.7994043382858337,0.8438283476647355,0.0,1.227501402321714,20,lasso,35,50
T,0.1301494186711718,0.1582498337010662,0.0,0.34332773479497547,20,lasso,35,60
RH,1.1493893559172759,1.3103219044921297,0.0,2.106386409731769,20,lasso,35,60
T,0.23367002253230637,0.24655231464224242,0.0,0.33316663670139235,20,lasso,35,70
RH,1.027215742243302,1.12018027818612,0.0,1.7449059546598562,20,lasso,35,70
T,0.2818993011677975,0.29908553757061335,0.0,0.43762180860473165,20,lasso,35,80
RH,1.4773882985635574,1.653726896838887,0.0,3.0195195744503565,20,lasso,35,80
T,0.05104713092847,0.06896611532249428,0.0,0.17120105592094603,20,lasso,45,20
RH,3.147703532158476,3.191635422806803,0.0,3.9978236122756172,20,lasso,45,20
T,0.13565188551231094,0.16064807716492602,0.0,0.27320618260037577,20,lasso,45,30
RH,1.9558528896345553,2.0215694439599603,0.0,3.124344287462197,20,lasso,45,30
T,0.11601438754791608,0.12786818601756572,0.0,0.21382186828422078,20,lasso,45,40
RH,3.4574000170974157,3.488069720370102,0.0,4.481303859992927,20,lasso,45,40
T,0.13921608612243475,0.1460734246914057,0.0,0.21402402352390482,20,lasso,45,50
RH,1.5354033984038065,1.651871907222807,0.0,2.9686428115962613,20,lasso,45,50
T,0.15628367608841387,0.17058755380784874,0.0,0.31133910495579187,20,lasso,45,60
RH,0.8978985537903611,0.973778149243126,0.0,1.8566166348348858,20,lasso,45,60
T,0.14236200185307837,0.15620839913590473,0.0,0.27993305706302607,20,lasso,45,70
RH,1.3584102384360648,1.4482557397353277,0.0,2.1559236535906194,20,lasso,45,70
T,0.15243006198468834,0.16467953346515962,0.0,0.25603799409644523,20,lasso,45,80
RH,1.1777810212790834,1.3717553420251911,0.0,2.3261693157482455,20,lasso,45,80
T,0.05873627219566444,0.07718731946603771,0.0,0.1872698363435319,20,lasso,55,20
RH,2.3983460122958262,2.5003058571607073,0.0,3.7739011468111343,20,lasso,55,20
T,0.44595187233314026,0.45270585744153286,0.0,0.6241805176311104,20,lasso,55,30
RH,1.6735372501708035,1.7117640961942313,0.0,2.243808716863832,20,lasso,55,30
T,0.26201951218709885,0.2677603064702146,0.0,0.3505082143225522,20,lasso,55,40
RH,0.41099204349559104,0.47649542559188135,0.0,0.9376675945156592,20,lasso,55,40
T,0.0810885212114556,0.09618362656551224,0.0,0.19848815028346678,20,lasso,55,50
RH,0.6568592970920492,0.8328663033812378,0.0,1.6881476586752413,20,lasso,55,50
T,0.05691577229635456,0.06796041213887971,0.0,0.15006929434935046,20,lasso,55,60
RH,0.8989418037220854,1.097722622497367,0.0,2.3763100987676893,20,lasso,55,60
T,0.038058571538927666,0.04842841463152584,0.0,0.10123502283985175,20,lasso,55,70
RH,1.2463619850293057,1.5890873952932887,0.0,3.859749702307454,20,lasso,55,70
T,0.036065174192802016,0.045159798880584426,0.0,0.11743281103705527,20,lasso,55,80
RH,0.9125437210143879,1.1189953404806152,0.0,2.1251974354909464,20,lasso,55,80
T,0.06876165414536288,0.08119976582268752,0.0,0.1363989717073366,20,lasso,65,20
RH,3.108914122561841,3.149896015352858,0.0,4.052020959514312,20,lasso,65,20
T,0.10458829130161931,0.11581261408882151,0.0,0.18124806165462815,20,lasso,65,30
RH,1.7880063148464445,2.035896931874251,0.0,3.1669016953138467,20,lasso,65,30
T,0.09924460733921378,0.118462605492656,0.0,0.2442562107495121,20,lasso,65,40
RH,0.624038993089884,0.8013684662749186,0.0,1.749037851675233,20,lasso,65,40
T,0.07476772824366762,0.09098487209321697,0.0,0.17300216100332477,20,lasso,65,50
RH,1.1073776051417326,1.21861616156434,0.0,2.4093244573269033,20,lasso,65,50
T,0.07505521769561482,0.0852806163423077,0.0,0.19037897733386444,20,lasso,65,60
RH,0.8905591619445712,1.1663336848257149,0.0,2.6596731632664827,20,lasso,65,60
T,0.07651103139563417,0.1057727171232032,0.0,0.292536667956,20,lasso,65,70
RH,0.7867665704983402,1.0249193511599748,0.0,2.22456026808554,20,lasso,65,70
T,0.09466055270817009,0.11005195297006767,0.0,0.21078620888506805,20,lasso,65,80
RH,1.061966189990408,1.3712044977318119,0.0,2.561269418729836,20,lasso,65,80
T,0.14144480344031862,0.1613870248159819,0.0,0.30341387411812093,20,lasso,75,20
RH,1.86850337384314,2.006349520031258,0.0,2.7596908801570024,20,lasso,75,20
T,0.08556675714438455,0.11339599383062413,0.0,0.2670406429336367,20,lasso,75,30
RH,0.7932584286217672,1.05990845091393,0.0,2.476944447504117,20,lasso,75,30
T,0.0810331671389882,0.09222980349728145,0.0,0.14074811847683577,20,lasso,75,40
RH,0.6109515829646888,0.7825862013863719,0.0,1.592712446009557,20,lasso,75,40
T,0.08261504298513671,0.1077733500331605,0.0,0.2424668680801716,20,lasso,75,50
RH,1.2085827980528037,1.5056355511833288,0.0,3.302619736798164,20,lasso,75,50
T,0.1821814472731198,0.1983634583498241,0.0,0.38151015082786444,20,lasso,75,60
RH,0.7562551360251273,0.9831827590576077,0.0,2.5120644278534883,20,lasso,75,60
T,0.12338198433667387,0.1567815955306562,0.0,0.3447910338649507,20,lasso,75,70
RH,1.1455441126280477,1.3388280206917786,0.0,2.3762815783245657,20,lasso,75,70
T,0.27414449385684136,0.29263751449859166,0.0,0.4413188414876288,20,lasso,75,80
RH,1.2019115402589258,1.4237395895386813,0.0,2.8487401492951534,20,lasso,75,80
T,0.33111111111111563,0.3420941318726933,0.0,0.4833333333333414,20,random_forest,35,20
RH,12.499583333333328,12.631049879753256,0.0,15.217777777777776,20,random_forest,35,20
T,0.1866666666666692,0.2820614152543906,0.0,0.8277777777777828,20,random_forest,35,30
RH,9.65,9.653220533410943,0.0,10.0,20,random_forest,35,30
T,1.4824999999999995,1.4827480118572627,0.0,1.5499999999999972,20,random_forest,35,40
RH,11.078333333333337,11.080214682369988,0.0,11.383333333333333,20,random_forest,35,40
T,1.272222222222225,1.2724641933888736,0.0,1.31388888888889,20,random_forest,35,50
RH,7.144444444444441,7.146169223290278,0.0,7.394444444444439,20,random_forest,35,50
T,1.7102777777777773,1.8170493141014483,0.0,2.4666666666666686,20,random_forest,35,60
RH,10.751916666666661,10.814006511761477,0.0,13.821111111111115,20,random_forest,35,60
T,3.7891666666666657,3.8051859106770074,0.0,4.797777777777775,20,random_forest,35,70
RH,10.664305555555556,10.674578897786166,0.0,11.825000000000003,20,random_forest,35,70
T,6.06,6.060152179974066,0.0,6.200000000000003,20,random_forest,35,80
RH,9.970000000000002,9.970010587311888,0.0,10.033333333333331,20,random_forest,35,80
T,0.30999999999999944,0.34189017079888173,0.0,0.7000000000000028,20,random_forest,45,20
RH,12.595,12.682667525231258,0.0,15.0,20,random_forest,45,20
T,1.3591666666666669,1.439960454703917,0.0,2.0166666666666657,20,random_forest,45,30
RH,6.991666666666665,8.449779747293876,0.0,13.233333333333334,20,random_forest,45,30
T,0.5054166666666656,0.5157013832312899,0.0,0.6000000000000014,20,random_forest,45,40
RH,9.426111111111112,9.468808280185717,0.0,9.81666666666667,20,random_forest,45,40
T,9.141666666666666,9.145366161189076,0.0,9.366666666666667,20,random_forest,45,50
RH,7.911666666666667,7.9357804349106775,0.0,8.799999999999997,20,random_forest,45,50
T,0.8527222222222222,0.9093934011332455,0.0,1.2000000000000028,20,random_forest,45,60
RH,5.273944444444446,5.669986777914779,0.0,10.22888888888889,20,random_forest,45,60
T,0.2597222222222225,0.395095315894754,0.0,1.18888888888889,20,random_forest,45,70
RH,4.773333333333333,5.47803695577977,0.0,9.900000000000006,20,random_forest,45,70
T,0.8583333333333325,0.8771481567494098,0.0,1.3999999999999986,20,random_forest,45,80
RH,9.960000000000003,9.960008924583242,0.0,9.966666666666669,20,random_forest,45,80
T,0.522777777777781,0.6074486210046883,0.0,1.0388888888888914,20,random_forest,55,20
RH,11.353333333333333,11.355028254771833,0.0,11.783333333333335,20,random_forest,55,20
T,1.2983333333333338,1.3351446030715597,0.0,1.7000000000000028,20,random_forest,55,30
RH,10.723888888888888,10.72523820564845,0.0,10.93888888888889,20,random_forest,55,30
T,3.087499999999998,3.1004004619873458,0.0,3.677777777777777,20,random_forest,55,40
RH,9.52111111111111,9.533050209471064,0.0,10.100000000000001,20,random_forest,55,40
T,0.5599999999999998,0.6012024987010987,0.0,1.2000000000000028,20,random_forest,55,50
RH,8.816666666666666,9.14880684388225,0.0,10.133333333333333,20,random_forest,55,50
T,0.173333333333332,0.17384539747206948,0.0,0.20000000000000284,20,random_forest,55,60
RH,9.43833333333333,9.439194292358264,0.0,9.700000000000003,20,random_forest,55,60
T,0.5809444444444438,0.5846090283680043,0.0,0.7844444444444463,20,random_forest,55,70
RH,4.295000000000003,4.340100485267851,0.0,5.0,20,random_forest,55,70
T,1.1377777777777762,1.1399791529391226,0.0,1.2000000000000028,20,random_forest,55,80
RH,9.982777777777779,9.982881953562579,0.0,10.0,20,random_forest,55,80
T,1.2233333333333314,1.2295437274768932,0.0,1.43333333333333,20,random_forest,65,20
RH,9.385,9.38602684845936,0.0,9.600000000000001,20,random_forest,65,20
T,0.2316666666666663,0.4304390523381653,0.0,1.4000000000000057,20,random_forest,65,30
RH,7.133333333333333,7.156630569696266,0.0,9.5,20,random_forest,65,30
T,3.4216666666666677,3.694507935962365,0.0,4.733333333333334,20,random_forest,65,40
RH,3.8913888888888892,4.791021856775313,0.0,11.116666666666667,20,random_forest,65,40
T,9.7,9.700000000000005,0.0,9.700000000000003,20,random_forest,65,50
RH,9.466666666666669,9.466666666666669,0.0,9.466666666666669,20,random_forest,65,50
T,1.0051388888888866,1.0217052210114088,0.0,1.1666666666666714,20,random_forest,65,60
RH,9.663333333333334,9.670292423476944,0.0,10.06666666666667,20,random_forest,65,60
T,1.1663888888888934,1.1664450847778818,0.0,1.2000000000000028,20,random_forest,65,70
RH,9.651666666666664,9.651945687557276,0.0,9.700000000000003,20,random_forest,65,70
T,0.7666666666666657,0.7666666666666656,0.0,0.7666666666666657,20,random_forest,65,80
RH,10.0,10.0,0.0,10.0,20,random_forest,65,80
T,0.5654166666666655,0.5697008230446717,0.0,0.7999999999999972,20,random_forest,75,20
RH,9.983333333333334,9.983391763880205,0.0,10.066666666666666,20,random_forest,75,20
T,4.179999999999999,4.182592895959793,0.0,4.533333333333331,20,random_forest,75,30
RH,6.777222222222221,6.777324210688914,0.0,6.916666666666664,20,random_forest,75,30
T,0.2999999999999979,0.30876096471758196,0.0,0.5999999999999943,20,random_forest,75,40
RH,10.0,10.0,0.0,10.0,20,random_forest,75,40
T,0.5899999999999984,0.5914201364324487,0.0,0.6666666666666714,20,random_forest,75,50
RH,7.683333333333332,7.683416485450263,0.0,7.733333333333334,20,random_forest,75,50
T,0.4000000000000057,0.4000000000000057,0.0,0.4000000000000057,20,random_forest,75,60
RH,10.0,10.0,0.0,10.0,20,random_forest,75,60
T,0.7999999999999972,0.7999999999999972,0.0,0.7999999999999972,20,random_forest,75,70
RH,8.720000000000002,8.723378550385931,0.0,9.13333333333334,20,random_forest,75,70
T,4.433333333333337,4.433333333333338,0.0,4.433333333333337,20,random_forest,75,80
RH,5.566666666666663,5.566666666666663,0.0,5.566666666666663,20,random_forest,75,80
T,4.272683312933623e-06,4.272683312933624e-06,0.0,4.272683312933623e-06,20,gradient_boosting,35,20
RH,11.780027102794438,12.06846379450466,0.0,18.009633985680402,20,gradient_boosting,35,20
T,4.272683312933623e-06,4.272683312933624e-06,0.0,4.272683312933623e-06,20,gradient_boosting,35,30
RH,8.20539005778994,8.228661438229297,0.0,9.588959964136041,20,gradient_boosting,35,30
T,4.272683312933623e-06,4.272683312933624e-06,0.0,4.272683312933623e-06,20,gradient_boosting,35,40
RH,4.9946049276818965,5.2229953065186425,0.0,8.422231025358087,20,gradient_boosting,35,40
T,4.272683312933623e-06,4.272683312933624e-06,0.0,4.272683312933623e-06,20,gradient_boosting,35,50
RH,11.102834067849043,11.419661131881796,0.0,14.611426077695839,20,gradient_boosting,35,50
T,4.272683312933623e-06,4.272683312933624e-06,0.0,4.272683312933623e-06,20,gradient_boosting,35,60
RH,8.704382289148109,9.000364046055262,0.0,13.907950358307929,20,gradient_boosting,35,60
T,4.272683312933623e-06,4.272683312933624e-06,0.0,4.272683312933623e-06,20,gradient_boosting,35,70
RH,6.6126325768517145,6.778595145951923,0.0,8.2190155204446,20,gradient_boosting,35,70
T,4.272683312933623e-06,4.272683312933624e-06,0.0,4.272683312933623e-06,20,gradient_boosting,35,80
RH,6.999942178835857,7.0120608062092264,0.0,7.928352805755921,20,gradient_boosting,35,80
T,2.1363416422559567e-06,2.136341642255957e-06,0.0,2.1363416422559567e-06,20,gradient_boosting,45,20
RH,9.98136646333528,10.231410983236708,0.0,13.61286297114816,20,gradient_boosting,45,20
T,2.1363416422559567e-06,2.136341642255957e-06,0.0,2.1363416422559567e-06,20,gradient_boosting,45,30
RH,2.2298474907908314,2.612475924749053,0.0,6.130587171074108,20,gradient_boosting,45,30
T,2.1363416422559567e-06,2.136341642255957e-06,0.0,2.1363416422559567e-06,20,gradient_boosting,45,40
RH,8.273959012982496,8.34074750176549,0.0,10.280563156069348,20,gradient_boosting,45,40
T,2.1363416422559567e-06,2.136341642255957e-06,0.0,2.1363416422559567e-06,20,gradient_boosting,45,50
RH,13.293241491689738,14.119131245141768,0.0,20.12645219668882,20,gradient_boosting,45,50
T,2.1363416422559567e-06,2.136341642255957e-06,0.0,2.1363416422559567e-06,20,gradient_boosting,45,60
RH,2.7442096938249203,3.5286828847691343,0.0,7.827061080498339,20,gradient_boosting,45,60
T,2.1363416422559567e-06,2.136341642255957e-06,0.0,2.1363416422559567e-06,20,gradient_boosting,45,70
RH,1.1220313344214667,1.5779016430585795,0.0,4.327642759268684,20,gradient_boosting,45,70
T,2.1363416422559567e-06,2.136341642255957e-06,0.0,2.1363416422559567e-06,20,gradient_boosting,45,80
RH,6.861150484417193,6.864375636614467,0.0,7.410150310191327,20,gradient_boosting,45,80
T,0.0,0.0,1.0,0.0,20,gradient_boosting,55,20
RH,7.560603052203329,7.845452292490398,0.0,16.690599841565636,20,gradient_boosting,55,20
T,0.0,0.0,1.0,0.0,20,gradient_boosting,55,30
RH,0.7135423497869537,0.8448521915102353,0.0,1.636759590016041,20,gradient_boosting,55,30
T,0.0,0.0,1.0,0.0,20,gradient_boosting,55,40
RH,4.176513581642815,4.440974923506196,0.0,6.636071783112058,20,gradient_boosting,55,40
T,0.0,0.0,1.0,0.0,20,gradient_boosting,55,50
RH,6.731711455618307,6.830803656735707,0.0,8.599350434345773,20,gradient_boosting,55,50
T,0.0,0.0,1.0,0.0,20,gradient_boosting,55,60
RH,7.331878850566983,7.85241616200701,0.0,9.877119236154627,20,gradient_boosting,55,60
T,0.0,0.0,1.0,0.0,20,gradient_boosting,55,70
RH,2.9465959277067193,3.5710215204828275,0.0,5.50395396722358,20,gradient_boosting,55,70
T,0.0,0.0,1.0,0.0,20,gradient_boosting,55,80
RH,7.006510671418296,7.074597100516586,0.0,9.228827736358653,20,gradient_boosting,55,80
T,2.1363416777830935e-06,2.1363416777830935e-06,0.0,2.1363416777830935e-06,20,gradient_boosting,65,20
RH,6.426871209486464,7.113419791632421,0.0,12.730629908027531,20,gradient_boosting,65,20
T,2.1363416777830935e-06,2.1363416777830935e-06,0.0,2.1363416777830935e-06,20,gradient_boosting,65,30
RH,3.3223868501575993,3.7336013679096434,0.0,8.132588600606901,20,gradient_boosting,65,30
T,2.1363416777830935e-06,2.1363416777830935e-06,0.0,2.1363416777830935e-06,20,gradient_boosting,65,40
RH,1.419445867295033,2.169293975114499,0.0,7.02698926475874,20,gradient_boosting,65,40
T,2.1363416777830935e-06,2.1363416777830935e-06,0.0,2.1363416777830935e-06,20,gradient_boosting,65,50
RH,1.4072690603976892,1.8388125243307138,0.0,5.455435568659077,20,gradient_boosting,65,50
T,2.1363416777830935e-06,2.1363416777830935e-06,0.0,2.1363416777830935e-06,20,gradient_boosting,65,60
RH,5.860358210577489,6.2809840333798155,0.0,8.807567396099344,20,gradient_boosting,65,60
T,2.1363416635722388e-06,2.1363416635722388e-06,0.0,2.1363416635722388e-06,20,gradient_boosting,65,70
RH,4.105982424443181,4.600639035089681,0.0,6.1762655588397735,20,gradient_boosting,65,70
T,2.1363416635722388e-06,2.1363416635722388e-06,0.0,2.1363416635722388e-06,20,gradient_boosting,65,80
RH,5.3562916483735314,5.5062860709698676,0.0,8.705240635397914,20,gradient_boosting,65,80
T,4.272683270301059e-06,4.272683270301059e-06,0.0,4.272683270301059e-06,20,gradient_boosting,75,20
RH,2.7695943942638834,3.0521325504809287,0.0,6.414186427243774,20,gradient_boosting,75,20
T,4.272683270301059e-06,4.272683270301059e-06,0.0,4.272683270301059e-06,20,gradient_boosting,75,30
RH,6.977797529098218,7.023222330222152,0.0,8.072933724731449,20,gradient_boosting,75,30
T,4.272683270301059e-06,4.272683270301059e-06,0.0,4.272683270301059e-06,20,gradient_boosting,75,40
RH,3.635567869413806,3.654328276575776,0.0,4.267293066165621,20,gradient_boosting,75,40
T,4.272683270301059e-06,4.272683270301059e-06,0.0,4.272683270301059e-06,20,gradient_boosting,75,50
RH,9.170465852936191,9.180141043010934,0.0,9.774500272533764,20,gradient_boosting,75,50
T,4.272683270301059e-06,4.272683270301059e-06,0.0,4.272683270301059e-06,20,gradient_boosting,75,60
RH,6.582578411548748,6.604740874949729,0.0,7.9420172367101145,20,gradient_boosting,75,60
T,4.272683270301059e-06,4.272683270301059e-06,0.0,4.272683270301059e-06,20,gradient_boosting,75,70
RH,4.498264349754602,4.722425159217425,0.0,7.609785679622149,20,gradient_boosting,75,70
T,4.272683270301059e-06,4.272683270301059e-06,0.0,4.272683270301059e-06,20,gradient_boosting,75,80
RH,8.881799295742237,8.935892018273297,0.0,10.511461866691945,20,gradient_boosting,75,80
