experiment_id,T,RH,replicate,ch1_mean,ch1_std,ch1_q_mean,ch2_mean,ch2_std,ch2_q_mean
T35_RH20_R01,35,20,1,-13.003927,0.3009311,0.54027647,-14.866605,0.105965994,0.8298007
T35_RH20_R02,35,20,2,-12.950387,0.22424158,0.5322564,-14.871639,0.11634556,0.82081634
T35_RH20_R03,35,20,3,-13.0038595,0.25517267,0.5314188,-14.890278,0.13605353,0.82199174
T35_RH20_R04,35,20,4,-12.937507,0.22679184,0.5342228,-14.800628,0.18473473,0.81116027
T35_RH20_R05,35,20,5,-12.952256,0.26064172,0.55028677,-14.868537,0.16708682,0.8136873
T35_RH20_R06,35,20,6,-12.980736,0.23751095,0.5450413,-14.900283,0.15418348,0.8050927
T35_RH20_R07,35,20,7,-12.939796,0.24153346,0.5485315,-14.805068,0.18905874,0.81336087
T35_RH20_R08,35,20,8,-13.005411,0.23508751,0.54513067,-14.854958,0.15342295,0.80771494
T35_RH20_R09,35,20,9,-12.957618,0.2788266,0.5321016,-14.851444,0.15310451,0.8109765
T35_RH20_R10,35,20,10,-12.947855,0.23846085,0.55021054,-14.765332,0.1939731,0.81041783
T35_RH20_R11,35,20,11,-12.932534,0.21868199,0.5400863,-14.784143,0.19342458,0.80881655
T35_RH20_R12,35,20,12,-13.021191,0.2678604,0.53440315,-14.861865,0.14598705,0.8071453
T35_RH20_R13,35,20,13,-12.964126,0.22613724,0.53662807,-14.838508,0.15599395,0.8136576
T35_RH20_R14,35,20,14,-12.960652,0.2850668,0.53391045,-14.7599745,0.21654797,0.8182991
T35_RH20_R15,35,20,15,-12.9639,0.24717829,0.5245439,-14.832402,0.1688103,0.8098685
T35_RH20_R16,35,20,16,-12.853139,0.18919742,0.55527115,-14.713048,0.1925989,0.8054199
T35_RH20_R17,35,20,17,-12.966232,0.23436528,0.55517733,-14.779227,0.19448145,0.81581867
T35_RH20_R18,35,20,18,-12.928062,0.24272393,0.538972,-14.733304,0.1900153,0.8143393
T35_RH20_R19,35,20,19,-12.880792,0.21824189,0.5275212,-14.692275,0.22007658,0.818269
T35_RH20_R20,35,20,20,-12.919145,0.2780574,0.5329444,-14.753721,0.2118451,0.8285625
T35_RH30_R01,35,30,1,-13.064579,0.30796528,0.5537082,-15.083105,0.11739981,0.814503
T35_RH30_R02,35,30,2,-13.012198,0.2828092,0.5548327,-15.059808,0.10564559,0.8021773
T35_RH30_R03,35,30,3,-13.010605,0.2643594,0.5526171,-15.040618,0.14274774,0.813539
T35_RH30_R04,35,30,4,-13.037974,0.24348088,0.5504637,-15.07296,0.10218192,0.8050838
T35_RH30_R05,35,30,5,-13.016361,0.26766232,0.55180115,-15.061248,0.10508313,0.81142265
T35_RH30_R06,35,30,6,-13.050558,0.2573702,0.55137795,-15.055303,0.12059669,0.8051804
T35_RH30_R07,35,30,7,-13.027199,0.23655833,0.55193406,-15.07196,0.14416558,0.80257493
T35_RH30_R08,35,30,8,-13.018223,0.24608108,0.5589373,-15.045982,0.12129808,0.8066966
T35_RH30_R09,35,30,9,-13.044798,0.27179897,0.54902923,-15.061692,0.14106023,0.8101821
T35_RH30_R10,35,30,10,-13.076016,0.332008,0.5428001,-15.088956,0.107312076,0.8059153
T35_RH30_R11,35,30,11,-13.058015,0.289893,0.5507016,-15.077782,0.11660306,0.813963
T35_RH30_R12,35,30,12,-13.011346,0.23474552,0.5605208,-15.05109,0.12624756,0.81057835
T35_RH30_R13,35,30,13,-13.035701,0.2345818,0.55461437,-15.059065,0.103659675,0.80556846
T35_RH30_R14,35,30,14,-13.083273,0.29129308,0.5534334,-15.098947,0.10969164,0.8056345
T35_RH30_R15,35,30,15,-13.035455,0.24395862,0.5505527,-15.067425,0.11271406,0.81311476
T35_RH30_R16,35,30,16,-13.013865,0.289027,0.5499333,-15.055399,0.13363445,0.7988378
T35_RH30_R17,35,30,17,-13.068109,0.29365635,0.5519121,-15.117817,0.086534955,0.8097749
T35_RH30_R18,35,30,18,-12.998087,0.24215329,0.5561556,-15.065343,0.092420526,0.80378777
T35_RH30_R19,35,30,19,-13.028684,0.24482718,0.55044204,-15.07199,0.1051551,0.8056005
T35_RH30_R20,35,30,20,-13.037821,0.28323153,0.55202186,-15.071249,0.12573545,0.8053178
T35_RH40_R01,35,40,1,-12.921827,0.22878623,0.548707,-16.645939,0.101539195,0.80478907
T35_RH40_R02,35,40,2,-12.893622,0.22904399,0.55393124,-16.590572,0.12177516,0.7965884
T35_RH40_R03,35,40,3,-12.8614855,0.20094989,0.5431707,-16.580273,0.12333235,0.8007065
T35_RH40_R04,35,40,4,-12.868328,0.1999566,0.54903615,-16.631857,0.09647084,0.7892364
T35_RH40_R05,35,40,5,-12.902371,0.21253556,0.5538429,-16.651817,0.09165738,0.80392236
T35_RH40_R06,35,40,6,-12.868502,0.18701878,0.54158574,-16.584671,0.10742732,0.80385894
T35_RH40_R07,35,40,7,-12.880838,0.20436093,0.5477686,-16.61664,0.11417814,0.7942408
T35_RH40_R08,35,40,8,-12.927922,0.22303328,0.54260004,-16.651316,0.088982955,0.7943403
T35_RH40_R09,35,40,9,-12.904201,0.17601402,0.5428737,-16.59205,0.12445158,0.7898103
T35_RH40_R10,35,40,10,-12.85127,0.14676715,0.5590742,-16.586123,0.11442623,0.79629874
T35_RH40_R11,35,40,11,-12.894254,0.20511702,0.54971147,-16.621393,0.088193566,0.8016047
T35_RH40_R12,35,40,12,-12.912128,0.2295026,0.5585225,-16.589718,0.12267231,0.8020812
T35_RH40_R13,35,40,13,-12.92411,0.17089641,0.5551608,-16.629524,0.114356264,0.8057205
T35_RH40_R14,35,40,14,-12.87785,0.2291615,0.53669554,-16.61808,0.114903495,0.7940837
T35_RH40_R15,35,40,15,-12.921127,0.26185775,0.54809666,-16.604696,0.12710054,0.81110287
T35_RH40_R16,35,40,16,-12.897569,0.22415714,0.55571276,-16.629387,0.124050386,0.8054444
T35_RH40_R17,35,40,17,-12.892868,0.21687728,0.55888116,-16.636698,0.09592791,0.8056818
T35_RH40_R18,35,40,18,-12.841675,0.17669809,0.55069077,-16.638128,0.10503984,0.80807126
T35_RH40_R19,35,40,19,-12.89514,0.22600576,0.5605123,-16.615326,0.12739508,0.8025785
T35_RH40_R20,35,40,20,-12.881709,0.20012859,0.54627395,-16.6047,0.115251586,0.802754
T35_RH50_R01,35,50,1,-12.788967,0.1856952,0.54882526,-18.46611,0.23273097,0.79254174
T35_RH50_R02,35,50,2,-12.842275,0.18726255,0.549942,-18.548796,0.2062077,0.79556763
T35_RH50_R03,35,50,3,-12.801894,0.17014067,0.56542337,-18.49625,0.2140292,0.7909385
T35_RH50_R04,35,50,4,-12.809803,0.16918364,0.55028474,-18.503387,0.21161196,0.78667855
T35_RH50_R05,35,50,5,-12.860469,0.22309473,0.5466855,-18.573082,0.22962208,0.78358525
T35_RH50_R06,35,50,6,-12.825669,0.1877032,0.5445428,-18.506989,0.24460278,0.7881891
T35_RH50_R07,35,50,7,-12.851824,0.16482486,0.5524392,-18.540709,0.22062276,0.79325575
T35_RH50_R08,35,50,8,-12.869033,0.2199533,0.5480014,-18.566088,0.217974,0.7798732
T35_RH50_R09,35,50,9,-12.794468,0.17524518,0.5457125,-18.491867,0.23160253,0.7932722
T35_RH50_R10,35,50,10,-12.773961,0.15661986,0.5551283,-18.479038,0.25671494,0.7989101
T35_RH50_R11,35,50,11,-12.861749,0.20040236,0.5417094,-18.515675,0.22697957,0.788087
T35_RH50_R12,35,50,12,-12.740573,0.18314789,0.54085445,-18.50758,0.2101949,0.78835386
T35_RH50_R13,35,50,13,-12.819006,0.17335476,0.5530422,-18.5192,0.2594885,0.79462385
T35_RH50_R14,35,50,14,-12.863629,0.23768729,0.5432067,-18.567884,0.20636624,0.7851647
T35_RH50_R15,35,50,15,-12.814733,0.20957407,0.55301327,-18.525635,0.22022292,0.78975105
T35_RH50_R16,35,50,16,-12.82128,0.20059226,0.5395312,-18.567745,0.1946409,0.7872687
T35_RH50_R17,35,50,17,-12.809241,0.14837511,0.55820686,-18.556906,0.21330957,0.79587924
T35_RH50_R18,35,50,18,-12.824072,0.1939995,0.54775906,-18.498098,0.2182302,0.7879014
T35_RH50_R19,35,50,19,-12.834626,0.23868981,0.53980356,-18.552475,0.23834613,0.78293717
T35_RH50_R20,35,50,20,-12.813719,0.1935581,0.55730176,-18.586298,0.1894222,0.7994945
T35_RH60_R01,35,60,1,-12.922737,0.2874156,0.55496335,-19.680685,4.1297426,0.79660577
T35_RH60_R02,35,60,2,-12.916095,0.29732332,0.5263844,-19.658194,4.131641,0.79298174
T35_RH60_R03,35,60,3,-12.943762,0.24480285,0.5316662,-19.947561,3.391684,0.7928313
T35_RH60_R04,35,60,4,-12.885935,0.23530473,0.5400768,-20.394917,1.7091494,0.7903149
T35_RH60_R05,35,60,5,-12.872138,0.19657305,0.5389403,-20.109015,2.9406815,0.7935736
T35_RH60_R06,35,60,6,-12.916115,0.22944914,0.5335369,-19.65335,4.1352816,0.799191
T35_RH60_R07,35,60,7,-12.8598175,0.21102726,0.54202294,-19.461325,4.4507885,0.7912652
T35_RH60_R08,35,60,8,-12.883964,0.23509984,0.5360598,-20.517006,0.14990082,0.778686
T35_RH60_R09,35,60,9,-12.887793,0.18994913,0.5442315,-20.10333,2.9393487,0.7984628
T35_RH60_R10,35,60,10,-12.925482,0.24184844,0.54241484,-19.795822,3.7876313,0.7934956
T35_RH60_R11,35,60,11,-12.847709,0.20820245,0.5220806,-19.970404,3.376946,0.7903148
T35_RH60_R12,35,60,12,-12.857331,0.24719523,0.50595355,-20.227142,2.3912346,0.7766614
T35_RH60_R13,35,60,13,-12.864054,0.20898624,0.5456946,-20.275564,2.4085708,0.79554826
T35_RH60_R14,35,60,14,-12.955064,0.25919688,0.53924626,-19.405193,4.755679,0.79844546
T35_RH60_R15,35,60,15,-12.959218,0.26208666,0.5375937,-19.526266,4.459886,0.7986728
T35_RH60_R16,35,60,16,-12.9301605,0.2640621,0.5352585,-19.921312,3.3739781,0.8022427
T35_RH60_R17,35,60,17,-12.896473,0.27476,0.5222131,-20.524658,0.13890553,0.7882333
T35_RH60_R18,35,60,18,-12.982736,0.32377738,0.5302757,-19.98819,3.397284,0.7916298
T35_RH60_R19,35,60,19,-12.884761,0.22748652,0.5368297,-20.513657,0.123572,0.7822051
T35_RH60_R20,35,60,20,-12.861424,0.19305673,0.5392623,-19.908356,3.3830934,0.79947454
T35_RH70_R01,35,70,1,-12.988337,0.28400102,0.5304385,-22.195862,3.2290483,0.78199494
T35_RH70_R02,35,70,2,-12.966814,0.29104072,0.527048,-22.63665,0.15880625,0.78139794
T35_RH70_R03,35,70,3,-12.965936,0.2520919,0.524714,-22.305712,2.6521292,0.7937905
T35_RH70_R04,35,70,4,-12.983935,0.27640948,0.5345021,-22.665113,0.15606906,0.7868112
T35_RH70_R05,35,70,5,-13.001564,0.28685552,0.5304097,-22.675875,0.12549508,0.7834741
T35_RH70_R06,35,70,6,-12.989127,0.30533266,0.52289087,-22.679972,0.12428761,0.7900772
T35_RH70_R07,35,70,7,-12.981607,0.27629396,0.52401286,-22.666298,0.14648582,0.779748
T35_RH70_R08,35,70,8,-13.003324,0.29748833,0.5300924,-22.711168,0.14618228,0.7928423
T35_RH70_R09,35,70,9,-12.97864,0.272893,0.5359327,-22.721027,0.12402148,0.7798851
T35_RH70_R10,35,70,10,-12.986461,0.26282898,0.524536,-21.380432,5.287049,0.77895194
T35_RH70_R11,35,70,11,-12.970162,0.21168543,0.52229583,-22.67025,0.13450871,0.77983844
T35_RH70_R12,35,70,12,-12.993162,0.26185852,0.5433031,-22.543524,1.8824643,0.78309995
T35_RH70_R13,35,70,13,-13.011165,0.2867636,0.5349922,-22.186907,3.234634,0.7753696
T35_RH70_R14,35,70,14,-12.999675,0.3361985,0.5166442,-22.044758,3.7502568,0.77561975
T35_RH70_R15,35,70,15,-12.955917,0.23149799,0.52984107,-22.67811,0.14861125,0.7791881
T35_RH70_R16,35,70,16,-13.057561,0.29751113,0.52511835,-22.71263,0.15817551,0.77565616
T35_RH70_R17,35,70,17,-12.970447,0.26449037,0.51631886,-22.687689,0.14726362,0.7809291
T35_RH70_R18,35,70,18,-12.942327,0.25496867,0.53535247,-22.674166,0.15928935,0.7806409
T35_RH70_R19,35,70,19,-12.984169,0.26804665,0.51948535,-22.674536,0.1499802,0.78038377
T35_RH70_R20,35,70,20,-12.956783,0.22553217,0.53604704,-22.655075,0.15530472,0.778463
T35_RH80_R01,35,80,1,-13.034303,0.32276613,0.5362112,-21.98006,7.6663656,0.7915602
T35_RH80_R02,35,80,2,-13.017149,0.27362907,0.52760345,-24.671415,0.2667759,0.767777
T35_RH80_R03,35,80,3,-13.058516,0.35155216,0.52456045,-23.047768,6.0678883,0.7756158
T35_RH80_R04,35,80,4,-12.949964,0.26650706,0.5238479,-22.288158,7.1878166,0.79399055
T35_RH80_R05,35,80,5,-12.981849,0.28965253,0.5320344,-21.942986,7.6781497,0.80474037
T35_RH80_R06,35,80,6,-12.967731,0.29836768,0.52738494,-24.598175,0.27477142,0.7688421
T35_RH80_R07,35,80,7,-12.962131,0.2860102,0.52882904,-22.83878,6.3818674,0.772634
T35_RH80_R08,35,80,8,-13.039617,0.28962594,0.5365681,-24.653193,0.24718703,0.7767422
T35_RH80_R09,35,80,9,-13.003997,0.29344127,0.54286337,-24.25868,2.8974476,0.76698333
T35_RH80_R10,35,80,10,-13.036146,0.30755994,0.51613605,-24.590437,0.24643901,0.7659255
T35_RH80_R11,35,80,11,-13.0322895,0.27325588,0.54399294,-22.465775,6.948971,0.791757
T35_RH80_R12,35,80,12,-13.026892,0.31187522,0.52693653,-22.319153,7.1955385,0.78946567
T35_RH80_R13,35,80,13,-12.934804,0.2569798,0.5328505,-21.910025,7.650422,0.80054384
T35_RH80_R14,35,80,14,-12.956039,0.25797686,0.5340526,-23.699236,4.564239,0.77343976
T35_RH80_R15,35,80,15,-13.049149,0.31323844,0.53161424,-23.024725,6.077153,0.7743548
T35_RH80_R16,35,80,16,-13.058508,0.29925257,0.5313666,-22.83489,6.384212,0.78692365
T35_RH80_R17,35,80,17,-12.955005,0.25306645,0.5163685,-24.621922,0.23555854,0.77510005
T35_RH80_R18,35,80,18,-12.993431,0.27091447,0.52711576,-22.118845,7.433541,0.80416965
T35_RH80_R19,35,80,19,-12.968537,0.27513832,0.52261066,-22.852266,6.3607364,0.7797899
T35_RH80_R20,35,80,20,-12.947362,0.21771005,0.5318734,-24.61039,0.24893719,0.7719729
T45_RH20_R01,45,20,1,-26.25029,0.33146513,0.5267805,-29.59785,0.15108621,0.8161351
T45_RH20_R02,45,20,2,-26.320131,0.33540148,0.5428943,-29.582743,0.12365662,0.82696444
T45_RH20_R03,45,20,3,-26.345684,0.34528518,0.533198,-29.612452,0.15275708,0.8245768
T45_RH20_R04,45,20,4,-26.361149,0.33985338,0.5325363,-29.630384,0.16154402,0.82711554
T45_RH20_R05,45,20,5,-26.329412,0.30784604,0.5327051,-29.589558,0.12458537,0.823338
T45_RH20_R06,45,20,6,-26.35068,0.32595524,0.5471407,-29.609144,0.13713962,0.826615
T45_RH20_R07,45,20,7,-26.32995,0.35288656,0.5403031,-29.579597,0.13457577,0.82158226
T45_RH20_R08,45,20,8,-26.330772,0.31166598,0.54251164,-29.6045,0.10339079,0.8288864
T45_RH20_R09,45,20,9,-26.330805,0.32974967,0.535913,-29.546272,0.122179635,0.8202651
T45_RH20_R10,45,20,10,-26.276443,0.38292474,0.53146636,-29.6015,0.120839305,0.79930586
T45_RH20_R11,45,20,11,-26.264517,0.3717292,0.5313793,-29.607737,0.15199223,0.8024216
T45_RH20_R12,45,20,12,-26.411627,0.32132486,0.5136532,-29.661259,0.19508357,0.8070829
T45_RH20_R13,45,20,13,-26.325813,0.34890407,0.5233329,-29.585052,0.114561066,0.79945016
T45_RH20_R14,45,20,14,-26.385231,0.32410306,0.5209559,-29.689323,0.19194594,0.8013618
T45_RH20_R15,45,20,15,-26.38329,0.33199173,0.52708024,-29.69931,0.18920168,0.8116152
T45_RH20_R16,45,20,16,-26.332375,0.37644428,0.5416682,-29.66749,0.16527227,0.8232547
T45_RH20_R17,45,20,17,-26.40034,0.30828142,0.5310428,-29.626785,0.13775289,0.8220821
T45_RH20_R18,45,20,18,-26.402617,0.3398784,0.5372501,-29.707027,0.18222845,0.82660687
T45_RH20_R19,45,20,19,-26.344162,0.33891252,0.53903985,-29.587786,0.1241744,0.8196677
T45_RH20_R20,45,20,20,-26.345324,0.37041754,0.52058774,-29.566486,0.11061542,0.82092047
T45_RH30_R01,45,30,1,-26.386992,0.30349815,0.5497963,-30.146652,0.16448669,0.7929969
T45_RH30_R02,45,30,2,-26.401035,0.27492958,0.5405659,-30.202871,0.101108834,0.7938854
T45_RH30_R03,45,30,3,-26.397629,0.21851303,0.53272575,-30.183603,0.14621966,0.7832734
T45_RH30_R04,45,30,4,-26.433767,0.26036248,0.5517161,-30.196167,0.11407968,0.79980934
T45_RH30_R05,45,30,5,-26.367739,0.23850416,0.5494352,-30.174156,0.12062145,0.79789627
T45_RH30_R06,45,30,6,-26.372097,0.24581665,0.5446107,-30.152964,0.15208416,0.79263085
T45_RH30_R07,45,30,7,-26.418356,0.24249296,0.5404464,-30.214415,0.14172995,0.8014388
T45_RH30_R08,45,30,8,-26.403067,0.21364689,0.53744364,-30.205091,0.12502879,0.79735607
T45_RH30_R09,45,30,9,-26.401207,0.22410376,0.5382826,-30.208635,0.1275695,0.795328
T45_RH30_R10,45,30,10,-26.43194,0.2804529,0.5444288,-30.207743,0.13902234,0.80057985
T45_RH30_R11,45,30,11,-26.380123,0.26295206,0.54325175,-30.181835,0.13862737,0.7924611
T45_RH30_R12,45,30,12,-26.404512,0.3085647,0.5378563,-30.196108,0.11673213,0.79653627
T45_RH30_R13,45,30,13,-26.395535,0.3294114,0.5360404,-30.209187,0.10109449,0.7975643
T45_RH30_R14,45,30,14,-26.3893,0.22801578,0.54562604,-30.164328,0.14151107,0.79820853
T45_RH30_R15,45,30,15,-26.427647,0.24429207,0.5235593,-30.217554,0.113014646,0.79187745
T45_RH30_R16,45,30,16,-26.418043,0.26210377,0.54073423,-30.220737,0.13464808,0.7922362
T45_RH30_R17,45,30,17,-26.408346,0.28666955,0.5521181,-30.177078,0.14617306,0.7971073
T45_RH30_R18,45,30,18,-26.452158,0.22893813,0.54545355,-30.223747,0.1078562,0.7954374
T45_RH30_R19,45,30,19,-26.40241,0.2716246,0.54357976,-30.221994,0.12432074,0.79092354
T45_RH30_R20,45,30,20,-26.41235,0.2034863,0.5411002,-30.185387,0.13922325,0.79496884
T45_RH40_R01,45,40,1,-26.26001,0.33851177,0.5272598,-31.773127,0.12052541,0.7896899
T45_RH40_R02,45,40,2,-26.278389,0.29250348,0.5405525,-31.749832,0.10523692,0.80088353
T45_RH40_R03,45,40,3,-26.256418,0.32679498,0.536714,-31.761806,0.10451421,0.7863411
T45_RH40_R04,45,40,4,-26.308455,0.33435735,0.53767186,-31.783712,0.10802981,0.80402976
T45_RH40_R05,45,40,5,-26.29587,0.30891776,0.53779006,-31.761904,0.11217416,0.79537493
T45_RH40_R06,45,40,6,-26.300154,0.33605722,0.53149766,-31.771206,0.108273305,0.798597
T45_RH40_R07,45,40,7,-26.242828,0.31590647,0.5315161,-31.750864,0.117159046,0.7941541
T45_RH40_R08,45,40,8,-26.282728,0.33142006,0.53307843,-31.806362,0.11072965,0.78812534
T45_RH40_R09,45,40,9,-26.200966,0.35187933,0.5381076,-31.77998,0.109678484,0.8005471
T45_RH40_R10,45,40,10,-26.301071,0.301986,0.545998,-31.813002,0.103040434,0.7965754
T45_RH40_R11,45,40,11,-26.338459,0.29063112,0.53466386,-31.804953,0.1061019,0.7877773
T45_RH40_R12,45,40,12,-26.295918,0.29593548,0.53234863,-31.747105,0.11764117,0.7952943
T45_RH40_R13,45,40,13,-26.291428,0.3008188,0.5276871,-31.786264,0.11129849,0.8001199
T45_RH40_R14,45,40,14,-26.23238,0.29605857,0.5270929,-31.722033,0.12056273,0.794852
T45_RH40_R15,45,40,15,-26.298878,0.2820271,0.5278949,-31.749937,0.110127166,0.79843193
T45_RH40_R16,45,40,16,-26.217234,0.37130335,0.5347908,-31.779242,0.105647154,0.7914242
T45_RH40_R17,45,40,17,-26.338125,0.2747753,0.5358421,-31.821735,0.10670243,0.7906568
T45_RH40_R18,45,40,18,-26.28775,0.28336614,0.53598243,-31.777475,0.09861341,0.79214954
T45_RH40_R19,45,40,19,-26.271679,0.31859326,0.53532815,-31.730057,0.115438364,0.7937172
T45_RH40_R20,45,40,20,-26.27707,0.33171222,0.5438324,-31.771914,0.11876901,0.79389703
T45_RH50_R01,45,50,1,-26.390583,0.2418156,0.53125644,-33.640343,0.25718856,0.7832334
T45_RH50_R02,45,50,2,-26.32014,0.29870355,0.5364646,-33.705315,0.22905202,0.792192
T45_RH50_R03,45,50,3,-26.35424,0.3037993,0.5418004,-33.238506,4.0519724,0.79584163
T45_RH50_R04,45,50,4,-26.352812,0.2849174,0.54610866,-33.692448,0.25382572,0.7987637
T45_RH50_R05,45,50,5,-26.356394,0.28509822,0.5307716,-33.723255,0.2353657,0.78478426
T45_RH50_R06,45,50,6,-26.3909,0.26370338,0.53918207,-33.743713,0.24883294,0.7917766
T45_RH50_R07,45,50,7,-26.386827,0.25878644,0.53452355,-33.056488,4.939865,0.782358
T45_RH50_R08,45,50,8,-26.332245,0.2900677,0.5421913,-32.99525,4.934246,0.786395
T45_RH50_R09,45,50,9,-26.337675,0.25098476,0.5344386,-33.42452,2.858951,0.7868428
T45_RH50_R10,45,50,10,-26.325949,0.29759645,0.5307018,-33.711124,0.25924698,0.7772207
T45_RH50_R11,45,50,11,-26.372263,0.24557917,0.5421473,-33.770195,0.24283639,0.7752393
T45_RH50_R12,45,50,12,-26.331347,0.2888271,0.5357713,-32.95895,4.8999414,0.7825832
T45_RH50_R13,45,50,13,-26.361694,0.31268105,0.53597844,-33.639217,0.25803655,0.7792864
T45_RH50_R14,45,50,14,-26.362066,0.2915475,0.534025,-32.739933,5.6890306,0.78723055
T45_RH50_R15,45,50,15,-26.298496,0.26866087,0.5348488,-32.94929,4.9104075,0.7807361
T45_RH50_R16,45,50,16,-26.35768,0.24220109,0.5353837,-33.65424,0.25934163,0.7790305
T45_RH50_R17,45,50,17,-26.345207,0.27296075,0.53554857,-33.70087,0.24818248,0.7867839
T45_RH50_R18,45,50,18,-26.360756,0.2927156,0.5285209,-33.698627,0.24987954,0.7804531
T45_RH50_R19,45,50,19,-26.381247,0.2657863,0.5363801,-33.66031,0.25385568,0.79140884
T45_RH50_R20,45,50,20,-26.385387,0.2561126,0.53579694,-33.762474,0.23047589,0.7929302
T45_RH60_R01,45,60,1,-26.454506,0.2984273,0.53106594,-35.19277,4.2838593,0.7790084
T45_RH60_R02,45,60,2,-26.403269,0.27179256,0.5371043,-33.92747,7.882661,0.78459454
T45_RH60_R03,45,60,3,-26.406301,0.26090252,0.5322809,-33.3863,8.856953,0.805129
T45_RH60_R04,45,60,4,-26.479588,0.29153222,0.529161,-35.71857,0.1415055,0.78898996
T45_RH60_R05,45,60,5,-26.39595,0.26053923,0.5373007,-33.39607,8.857565,0.8013216
T45_RH60_R06,45,60,6,-26.44283,0.28676143,0.5256603,-33.910885,7.8718095,0.78888464
T45_RH60_R07,45,60,7,-26.404581,0.20768873,0.5315762,-33.13291,9.3171215,0.8022336
T45_RH60_R08,45,60,8,-26.401388,0.2629419,0.53784686,-35.475727,3.0528302,0.7873021
T45_RH60_R09,45,60,9,-26.505814,0.26170442,0.5361686,-35.7313,0.14263569,0.7897035
T45_RH60_R10,45,60,10,-26.50538,0.2856864,0.5299572,-33.454952,8.855193,0.805736
T45_RH60_R11,45,60,11,-26.454363,0.23810533,0.5406163,-33.149952,9.301786,0.80111104
T45_RH60_R12,45,60,12,-26.399313,0.23209372,0.542795,-33.17009,9.306866,0.80120134
T45_RH60_R13,45,60,13,-26.386393,0.27551633,0.54165363,-35.719986,0.12609202,0.781067
T45_RH60_R14,45,60,14,-26.417343,0.23200917,0.54060805,-35.23284,4.278972,0.79700446
T45_RH60_R15,45,60,15,-26.411772,0.23631814,0.5394445,-33.407604,8.867878,0.80181146
T45_RH60_R16,45,60,16,-26.404491,0.20685777,0.5378805,-33.415627,8.862248,0.8124111
T45_RH60_R17,45,60,17,-26.446297,0.29829082,0.53751874,-34.74211,6.013623,0.7851317
T45_RH60_R18,45,60,18,-26.46678,0.26092586,0.5183469,-34.14024,7.298429,0.7862209
T45_RH60_R19,45,60,19,-26.497602,0.2451355,0.5335421,-33.42271,8.8457985,0.7938363
T45_RH60_R20,45,60,20,-26.483513,0.22693005,0.5253048,-35.70335,0.1387649,0.7869685
T45_RH70_R01,45,70,1,-26.4589,0.29933015,0.52335846,-35.31024,9.371743,0.7825749
T45_RH70_R02,45,70,2,-26.443869,0.27436417,0.53366864,-35.354324,9.368793,0.78769886
T45_RH70_R03,45,70,3,-26.400978,0.25785416,0.5340944,-34.247375,11.079194,0.7871781
T45_RH70_R04,45,70,4,-26.471983,0.24797007,0.52494574,-37.25214,4.478309,0.77298146
T45_RH70_R05,45,70,5,-26.44065,0.25330988,0.52353007,-37.763916,0.21616374,0.7832748
T45_RH70_R06,45,70,6,-26.410038,0.27098423,0.5331822,-35.032833,9.81102,0.78681636
T45_RH70_R07,45,70,7,-26.408178,0.29825115,0.5289842,-34.75641,10.2581415,0.7964871
T45_RH70_R08,45,70,8,-26.471401,0.2734043,0.53234386,-37.75276,0.23169562,0.7795073
T45_RH70_R09,45,70,9,-26.409643,0.29106727,0.5336045,-37.767616,0.20874685,0.7774156
T45_RH70_R10,45,70,10,-26.45683,0.2709232,0.5300741,-34.76031,10.27572,0.7955777
T45_RH70_R11,45,70,11,-26.414045,0.34546816,0.5156408,-35.86847,8.31025,0.7709635
T45_RH70_R12,45,70,12,-26.430841,0.28406057,0.5232994,-35.051704,9.836539,0.7915126
T45_RH70_R13,45,70,13,-26.44787,0.21953309,0.52464575,-34.490627,10.669872,0.80300033
T45_RH70_R14,45,70,14,-26.422758,0.3062331,0.530645,-35.623455,8.849252,0.7811585
T45_RH70_R15,45,70,15,-26.438494,0.2619277,0.5135411,-35.037487,9.8253355,0.7933577
T45_RH70_R16,45,70,16,-26.396475,0.305636,0.5342047,-35.041084,9.817275,0.79598063
T45_RH70_R17,45,70,17,-26.410013,0.28442502,0.5186665,-34.79946,10.280979,0.7995139
T45_RH70_R18,45,70,18,-26.372879,0.3364351,0.5234758,-37.72146,0.21760423,0.7805765
T45_RH70_R19,45,70,19,-26.42726,0.27094325,0.52616894,-36.71144,6.308588,0.7807425
T45_RH70_R20,45,70,20,-26.404554,0.37602782,0.526149,-37.745007,0.2295404,0.7832435
T45_RH80_R01,45,80,1,-26.402706,0.27285528,0.53102136,-35.33258,12.345193,0.80473906
T45_RH80_R02,45,80,2,-26.376905,0.34855834,0.53268087,-39.56966,0.13973378,0.78471994
T45_RH80_R03,45,80,3,-26.396366,0.30719697,0.51544195,-36.75553,10.299926,0.77437866
T45_RH80_R04,45,80,4,-26.374327,0.30815092,0.5117528,-37.624985,8.723769,0.77864164
T45_RH80_R05,45,80,5,-26.364202,0.29480237,0.5267114,-35.078312,12.721959,0.79769725
T45_RH80_R06,45,80,6,-26.353338,0.36887282,0.532036,-39.60598,0.14129041,0.7930782
T45_RH80_R07,45,80,7,-26.369293,0.3123022,0.518122,-37.622643,8.707062,0.78828156
T45_RH80_R08,45,80,8,-26.393572,0.31555432,0.5281513,-35.093723,12.716635,0.8189662
T45_RH80_R09,45,80,9,-26.384657,0.28809133,0.51336235,-37.062744,9.80772,0.7849513
T45_RH80_R10,45,80,10,-26.354414,0.32621783,0.5211741,-39.628113,0.16978443,0.7794425
T45_RH80_R11,45,80,11,-26.397112,0.29929823,0.52626705,-36.75773,10.314009,0.7876082
T45_RH80_R12,45,80,12,-26.421816,0.26712674,0.5176998,-35.112976,12.726869,0.82305175
T45_RH80_R13,45,80,13,-26.357014,0.3007781,0.5267444,-38.20853,7.403176,0.7828137
T45_RH80_R14,45,80,14,-26.425547,0.30067733,0.52024436,-36.508595,10.7838,0.792414
T45_RH80_R15,45,80,15,-26.407024,0.27554798,0.5216991,-36.784973,10.301772,0.7889495
T45_RH80_R16,45,80,16,-26.391138,0.32922697,0.52707374,-36.77453,10.311784,0.7929194
T45_RH80_R17,45,80,17,-26.475403,0.23500934,0.53150034,-35.09885,12.722073,0.83390087
T45_RH80_R18,45,80,18,-26.36907,0.320104,0.52254933,-39.653316,0.17604965,0.770135
T45_RH80_R19,45,80,19,-26.347134,0.32554796,0.51390743,-35.128647,12.732193,0.83194447
T45_RH80_R20,45,80,20,-26.37623,0.31244373,0.52546096,-35.116783,12.721282,0.8215136
T55_RH20_R01,55,20,1,-40.4363,0.3435536,0.5327965,-45.09267,0.23557584,0.800772
T55_RH20_R02,55,20,2,-40.44541,0.3692217,0.53127956,-45.06584,0.23923473,0.8021504
T55_RH20_R03,55,20,3,-40.4761,0.30977532,0.51494086,-45.11266,0.23064837,0.80265373
T55_RH20_R04,55,20,4,-40.431168,0.31930903,0.5218045,-45.11673,0.24268827,0.7979153
T55_RH20_R05,55,20,5,-40.48517,0.29114893,0.5232339,-45.05452,0.21380872,0.8068077
T55_RH20_R06,55,20,6,-40.4136,0.34952292,0.5367399,-45.030167,0.24285816,0.8046892
T55_RH20_R07,55,20,7,-40.456917,0.30343375,0.530759,-45.104263,0.23818432,0.8077039
T55_RH20_R08,55,20,8,-40.434666,0.31507128,0.5310485,-45.04734,0.24142596,0.79054236
T55_RH20_R09,55,20,9,-40.491558,0.34212902,0.5139756,-45.104256,0.2460363,0.79294467
T55_RH20_R10,55,20,10,-40.491444,0.37209207,0.50521207,-45.070087,0.22530621,0.7944707
T55_RH20_R11,55,20,11,-40.500244,0.29834136,0.5042605,-45.010384,0.22787012,0.8006289
T55_RH20_R12,55,20,12,-40.47087,0.3111043,0.5340541,-45.05255,0.24431285,0.7946276
T55_RH20_R13,55,20,13,-40.438873,0.32014936,0.5248352,-44.978893,0.22861159,0.79616636
T55_RH20_R14,55,20,14,-40.46114,0.30907154,0.52336496,-45.037827,0.24877681,0.7903223
T55_RH20_R15,55,20,15,-40.42242,0.31615928,0.51909256,-44.9422,0.20888291,0.79358196
T55_RH20_R16,55,20,16,-40.47944,0.29969504,0.5154878,-45.068916,0.22549899,0.7989599
T55_RH20_R17,55,20,17,-40.458233,0.31434375,0.5289155,-45.03194,0.23822282,0.797578
T55_RH20_R18,55,20,18,-40.483467,0.34916964,0.51745564,-45.05939,0.24832807,0.79914445
T55_RH20_R19,55,20,19,-40.473362,0.26347306,0.5268599,-45.036873,0.23004676,0.8015198
T55_RH20_R20,55,20,20,-40.452324,0.31436166,0.53544694,-45.03806,0.22129071,0.7885678
T55_RH30_R01,55,30,1,-39.569653,0.28830075,0.53695935,-45.418686,0.15291372,0.7766098
T55_RH30_R02,55,30,2,-39.63713,0.3482105,0.54066443,-45.49164,0.12617736,0.78564996
T55_RH30_R03,55,30,3,-39.66359,0.37100926,0.5353369,-45.537285,0.107998565,0.7767704
T55_RH30_R04,55,30,4,-39.59593,0.3327697,0.53613454,-45.459953,0.15407117,0.78401154
T55_RH30_R05,55,30,5,-39.59026,0.3553631,0.54494137,-45.46522,0.11163589,0.7875642
T55_RH30_R06,55,30,6,-39.63257,0.32518205,0.5405372,-45.483913,0.1427322,0.78724146
T55_RH30_R07,55,30,7,-39.591923,0.31845844,0.5479659,-45.446857,0.14964578,0.78179395
T55_RH30_R08,55,30,8,-39.72094,0.40899837,0.5364568,-45.503635,0.11904211,0.7872171
T55_RH30_R09,55,30,9,-39.60257,0.3463958,0.5446241,-45.48367,0.11881067,0.7850943
T55_RH30_R10,55,30,10,-39.631027,0.39315608,0.5371592,-45.48661,0.11716528,0.78717774
T55_RH30_R11,55,30,11,-39.661392,0.38270047,0.53421456,-45.479973,0.12141313,0.78332996
T55_RH30_R12,55,30,12,-39.60106,0.29407656,0.54664075,-45.491142,0.13801691,0.78174883
T55_RH30_R13,55,30,13,-39.59357,0.33151188,0.5394673,-45.486057,0.12426227,0.7881495
T55_RH30_R14,55,30,14,-39.65343,0.33046126,0.5419455,-45.495026,0.14015676,0.78943396
T55_RH30_R15,55,30,15,-39.620464,0.36482525,0.5483209,-45.483418,0.13350737,0.78222317
T55_RH30_R16,55,30,16,-39.591187,0.359614,0.54247206,-45.450676,0.1594737,0.7794947
T55_RH30_R17,55,30,17,-39.65307,0.3235371,0.5414365,-45.480225,0.13127801,0.78194904
T55_RH30_R18,55,30,18,-39.606148,0.3572353,0.5437112,-45.470627,0.14773102,0.7886718
T55_RH30_R19,55,30,19,-39.666595,0.35048944,0.54688066,-45.51093,0.11407099,0.7855748
T55_RH30_R20,55,30,20,-39.64802,0.3824467,0.53525573,-45.50247,0.11948563,0.78644377
T55_RH40_R01,55,40,1,-39.88047,0.4016711,0.5237965,-47.2619,0.1404414,0.781997
T55_RH40_R02,55,40,2,-39.81845,0.3918028,0.5323639,-47.266403,0.15991719,0.77660364
T55_RH40_R03,55,40,3,-39.806988,0.378637,0.52134204,-46.88053,3.9625165,0.7797891
T55_RH40_R04,55,40,4,-39.84727,0.40339336,0.52719617,-47.232876,0.14096588,0.7854538
T55_RH40_R05,55,40,5,-39.796574,0.40958422,0.53445846,-47.19464,0.13283236,0.788554
T55_RH40_R06,55,40,6,-39.77294,0.35757935,0.5302708,-47.15062,0.13648652,0.7791781
T55_RH40_R07,55,40,7,-39.77482,0.41252512,0.523775,-47.162743,0.14350471,0.7797882
T55_RH40_R08,55,40,8,-39.72658,0.39450142,0.5328435,-46.858,3.9515328,0.77722496
T55_RH40_R09,55,40,9,-39.747086,0.37700826,0.5408379,-47.152565,0.14495476,0.7777918
T55_RH40_R10,55,40,10,-39.803684,0.40070406,0.532533,-45.87062,7.849586,0.7870952
T55_RH40_R11,55,40,11,-39.759388,0.3771676,0.5317222,-47.183056,0.14379308,0.78403425
T55_RH40_R12,55,40,12,-39.8322,0.40516904,0.5295887,-46.88578,3.9619646,0.78002834
T55_RH40_R13,55,40,13,-39.75638,0.40565765,0.52977365,-47.209557,0.1407156,0.7773126
T55_RH40_R14,55,40,14,-39.85073,0.37175727,0.52700204,-46.8963,3.957787,0.77513474
T55_RH40_R15,55,40,15,-39.790115,0.37477982,0.5198892,-47.1729,0.14040884,0.776997
T55_RH40_R16,55,40,16,-39.827297,0.39137134,0.530836,-47.219093,0.13838129,0.7725334
T55_RH40_R17,55,40,17,-39.843517,0.40119004,0.5277713,-47.221863,0.13998784,0.77703476
T55_RH40_R18,55,40,18,-39.90173,0.37735167,0.53987056,-46.577744,5.5670376,0.78454584
T55_RH40_R19,55,40,19,-39.823727,0.396943,0.5358296,-47.208687,0.13953577,0.78402597
T55_RH40_R20,55,40,20,-39.726807,0.3892514,0.5299323,-46.54241,5.5798426,0.78763425
T55_RH50_R01,55,50,1,-39.942207,0.42064175,0.544236,-49.180138,0.17670128,0.7834387
T55_RH50_R02,55,50,2,-39.94347,0.39146045,0.5232896,-48.828053,4.1289783,0.78642577
T55_RH50_R03,55,50,3,-40.052834,0.3899228,0.52494144,-46.101543,12.119714,0.7799279
T55_RH50_R04,55,50,4,-39.955376,0.40959957,0.52421975,-46.07749,12.111088,0.78915226
T55_RH50_R05,55,50,5,-39.93566,0.42412397,0.52614754,-48.87366,4.1200643,0.7856926
T55_RH50_R06,55,50,6,-40.00559,0.42408383,0.51658636,-49.222454,0.20857641,0.77899575
T55_RH50_R07,55,50,7,-39.99298,0.4102446,0.5256557,-47.815437,8.1868515,0.7836948
T55_RH50_R08,55,50,8,-39.994373,0.39441234,0.5287736,-49.248264,0.16636485,0.7744377
T55_RH50_R09,55,50,9,-40.03743,0.3757124,0.5372997,-48.184906,7.1379657,0.7889982
T55_RH50_R10,55,50,10,-39.94667,0.45328647,0.53297055,-48.848423,4.13204,0.7742257
T55_RH50_R11,55,50,11,-39.939068,0.40631545,0.5305981,-49.237976,0.1720335,0.7850973
T55_RH50_R12,55,50,12,-40.06237,0.41014674,0.53193927,-46.44078,11.460511,0.7878968
T55_RH50_R13,55,50,13,-39.93831,0.41505498,0.52907693,-48.173065,7.134974,0.78720635
T55_RH50_R14,55,50,14,-39.947567,0.41141704,0.5297747,-49.224792,0.16444927,0.78317356
T55_RH50_R15,55,50,15,-40.02753,0.40699804,0.5197042,-46.770138,10.732772,0.78964585
T55_RH50_R16,55,50,16,-40.038635,0.40364084,0.5394437,-47.12913,9.978357,0.79488444
T55_RH50_R17,55,50,17,-39.997475,0.39649448,0.54203624,-46.79303,10.750366,0.7915239
T55_RH50_R18,55,50,18,-39.95644,0.4160141,0.5359109,-48.876415,4.1417747,0.7801357
T55_RH50_R19,55,50,19,-39.990925,0.38826594,0.5317312,-46.439167,11.466847,0.78253216
T55_RH50_R20,55,50,20,-39.926197,0.40565586,0.52692175,-48.165077,7.1235895,0.7849868
T55_RH60_R01,55,60,1,-40.038746,0.39211002,0.5255874,-49.217648,9.490465,0.7620287
T55_RH60_R02,55,60,2,-40.0947,0.3983099,0.54197353,-51.023796,0.14484519,0.78277045
T55_RH60_R03,55,60,3,-40.03621,0.3910827,0.5261712,-51.041294,0.14488368,0.7694203
T55_RH60_R04,55,60,4,-40.058025,0.36042854,0.52943164,-47.404053,13.1981535,0.77605313
T55_RH60_R05,55,60,5,-39.98461,0.3801268,0.52873296,-48.096344,11.873157,0.77716094
T55_RH60_R06,55,60,6,-40.108524,0.40947238,0.5317107,-51.03056,0.14294688,0.771801
T55_RH60_R07,55,60,7,-40.12734,0.38326493,0.53139603,-51.028027,0.15859197,0.76656705
T55_RH60_R08,55,60,8,-40.063152,0.39503127,0.536534,-49.206707,9.476733,0.77492636
T55_RH60_R09,55,60,9,-40.09906,0.38139477,0.5310803,-51.046864,0.15410997,0.76236963
T55_RH60_R10,55,60,10,-39.989555,0.40359625,0.5288394,-50.997616,0.16135506,0.77524495
T55_RH60_R11,55,60,11,-39.992554,0.412665,0.53637224,-49.56038,8.51972,0.77782345
T55_RH60_R12,55,60,12,-40.08877,0.38507098,0.5336,-51.01207,0.1346369,0.7756872
T55_RH60_R13,55,60,13,-40.045998,0.38184312,0.537161,-51.01186,0.14485016,0.7764895
T55_RH60_R14,55,60,14,-40.08298,0.38689888,0.5332327,-51.03554,0.1415561,0.7764305
T55_RH60_R15,55,60,15,-40.0196,0.41821155,0.54066324,-47.735706,12.554025,0.78024006
T55_RH60_R16,55,60,16,-40.019337,0.398146,0.5338604,-51.03111,0.14777346,0.7769766
T55_RH60_R17,55,60,17,-40.042694,0.3983398,0.5271592,-47.018448,13.796268,0.78056914
T55_RH60_R18,55,60,18,-40.065582,0.37771058,0.53164893,-47.387188,13.214102,0.7853563
T55_RH60_R19,55,60,19,-39.98167,0.3833856,0.53959024,-47.72516,12.559291,0.7792819
T55_RH60_R20,55,60,20,-40.000748,0.3741241,0.53579,-51.02417,0.13112234,0.78022975
T55_RH70_R01,55,70,1,-40.066574,0.40855232,0.53088737,-51.140453,9.888677,0.7611014
T55_RH70_R02,55,70,2,-40.038074,0.38425303,0.52708316,-50.38482,11.586504,0.7557916
T55_RH70_R03,55,70,3,-40.10857,0.39805835,0.5251037,-47.35876,16.48699,0.7969948
T55_RH70_R04,55,70,4,-40.092648,0.40099838,0.5341323,-49.26288,13.743779,0.7757762
T55_RH70_R05,55,70,5,-40.084892,0.3926513,0.52405876,-53.06626,0.17616618,0.767133
T55_RH70_R06,55,70,6,-40.104744,0.3973085,0.5276535,-53.04942,0.21774608,0.75837004
T55_RH70_R07,55,70,7,-40.132275,0.39081934,0.5381591,-46.999275,16.979414,0.79700416
T55_RH70_R08,55,70,8,-40.11181,0.3752385,0.5289352,-53.048115,0.21547052,0.76071495
T55_RH70_R09,55,70,9,-40.12202,0.3827548,0.52893156,-51.556313,8.894436,0.76605934
T55_RH70_R10,55,70,10,-40.108337,0.3937407,0.5287168,-50.800884,10.809045,0.75633764
T55_RH70_R11,55,70,11,-40.07097,0.41592288,0.5244638,-53.054386,0.21412614,0.7512362
T55_RH70_R12,55,70,12,-40.131695,0.40859976,0.5267927,-46.98749,16.958805,0.80484104
T55_RH70_R13,55,70,13,-39.979187,0.39303765,0.5328398,-48.489243,14.933362,0.77437854
T55_RH70_R14,55,70,14,-40.108273,0.41216475,0.526966,-46.95447,16.97375,0.79810077
T55_RH70_R15,55,70,15,-40.17454,0.40234658,0.5303094,-47.010128,16.965286,0.79113215
T55_RH70_R16,55,70,16,-40.106396,0.39736155,0.52512586,-47.369167,16.50625,0.7888724
T55_RH70_R17,55,70,17,-40.116615,0.36474714,0.5296382,-52.303036,6.3195863,0.76496416
T55_RH70_R18,55,70,18,-40.03596,0.39468938,0.52775645,-47.382652,16.503056,0.7894125
T55_RH70_R19,55,70,19,-40.107483,0.4078311,0.5318865,-51.575993,8.87435,0.7620185
T55_RH70_R20,55,70,20,-40.100643,0.3732232,0.5298346,-53.071674,0.20101097,0.76331526
T55_RH80_R01,55,80,1,-40.166687,0.35451558,0.53628063,-48.689896,17.559643,0.78363997
T55_RH80_R02,55,80,2,-40.090145,0.4171497,0.52269983,-48.651714,17.571894,0.77137464
T55_RH80_R03,55,80,3,-40.117775,0.36372927,0.54282564,-54.89411,0.19858171,0.74376994
T55_RH80_R04,55,80,4,-40.152817,0.3962095,0.53342223,-50.18359,15.435824,0.78399724
T55_RH80_R05,55,80,5,-40.123924,0.36781415,0.53548205,-48.627422,17.565002,0.8198596
T55_RH80_R06,55,80,6,-40.123108,0.36996883,0.53931326,-48.58964,17.532217,0.8022749
T55_RH80_R07,55,80,7,-40.12298,0.37940297,0.5292882,-50.173714,15.459438,0.7804
T55_RH80_R08,55,80,8,-40.16326,0.39927924,0.54164714,-48.63708,17.564098,0.8079322
T55_RH80_R09,55,80,9,-40.09485,0.4054287,0.53370774,-48.22078,18.02321,0.8188469
T55_RH80_R10,55,80,10,-40.16543,0.39864838,0.5337655,-48.631256,17.563637,0.79284024
T55_RH80_R11,55,80,11,-40.17396,0.399243,0.54793143,-48.64439,17.557688,0.8128483
T55_RH80_R12,55,80,12,-40.176167,0.37811625,0.52235,-54.5043,4.668748,0.7507947
T55_RH80_R13,55,80,13,-40.16445,0.3969888,0.53429955,-50.568214,14.839086,0.78421545
T55_RH80_R14,55,80,14,-40.072937,0.40777728,0.5372008,-50.57221,14.83723,0.77402365
T55_RH80_R15,55,80,15,-40.1496,0.39830676,0.5248435,-48.65886,17.563547,0.80343735
T55_RH80_R16,55,80,16,-40.141407,0.39037633,0.53805226,-48.23147,18.00536,0.8311745
T55_RH80_R17,55,80,17,-40.18686,0.3969353,0.523925,-54.895187,0.2167458,0.7594179
T55_RH80_R18,55,80,18,-40.151966,0.4109401,0.53554916,-48.27213,18.023651,0.8152555
T55_RH80_R19,55,80,19,-40.149868,0.35919893,0.53200406,-54.862686,0.18827446,0.7709142
T55_RH80_R20,55,80,20,-40.15041,0.38310498,0.532183,-54.88454,0.18183894,0.76705784
T65_RH20_R01,65,20,1,-54.47354,0.33907318,0.5271654,-60.44592,0.23110206,0.7869126
T65_RH20_R02,65,20,2,-54.43783,0.30006272,0.50966704,-60.434723,0.21659467,0.7978665
T65_RH20_R03,65,20,3,-54.532898,0.2910811,0.5243733,-60.51294,0.19841164,0.79108316
T65_RH20_R04,65,20,4,-54.50658,0.30239844,0.53317153,-60.40858,0.25188303,0.78743917
T65_RH20_R05,65,20,5,-54.503136,0.3256331,0.532279,-60.40113,0.24817835,0.779766
T65_RH20_R06,65,20,6,-54.55983,0.3339407,0.5199137,-60.519775,0.2049402,0.79992694
T65_RH20_R07,65,20,7,-54.48553,0.33177236,0.5006234,-60.50228,0.21580166,0.7919571
T65_RH20_R08,65,20,8,-54.512226,0.36200738,0.51700747,-60.445404,0.22159356,0.79598606
T65_RH20_R09,65,20,9,-54.546455,0.30578837,0.5170336,-60.46587,0.22910456,0.7940115
T65_RH20_R10,65,20,10,-54.529053,0.33909142,0.51785296,-60.4685,0.22201514,0.7998945
T65_RH20_R11,65,20,11,-54.53307,0.25354174,0.5287364,-60.446358,0.24357994,0.79185766
T65_RH20_R12,65,20,12,-54.487064,0.32658568,0.5101631,-60.425976,0.23322041,0.79009145
T65_RH20_R13,65,20,13,-54.4328,0.3483992,0.5084321,-60.438435,0.24025354,0.794116
T65_RH20_R14,65,20,14,-54.475765,0.29702958,0.51797134,-60.394127,0.2513396,0.8001817
T65_RH20_R15,65,20,15,-54.455086,0.34378836,0.52052915,-60.410686,0.24489522,0.79332006
T65_RH20_R16,65,20,16,-54.54016,0.25033155,0.52864695,-60.45964,0.22266719,0.78677356
T65_RH20_R17,65,20,17,-54.542736,0.3081784,0.5279786,-60.421192,0.23142006,0.79610157
T65_RH20_R18,65,20,18,-54.37005,0.37302938,0.5113495,-60.36212,0.25403374,0.7875882
T65_RH20_R19,65,20,19,-54.486847,0.3242084,0.52281016,-60.383858,0.24466369,0.78717357
T65_RH20_R20,65,20,20,-54.519363,0.28612623,0.52802706,-60.45415,0.22981426,0.7930532
T65_RH30_R01,65,30,1,-53.912285,0.37531725,0.52277637,-61.12909,0.13147964,0.78447104
T65_RH30_R02,65,30,2,-54.069885,0.40220413,0.5144999,-61.211685,0.12336455,0.7826947
T65_RH30_R03,65,30,3,-54.011753,0.387067,0.5036073,-61.187283,0.13526689,0.78125525
T65_RH30_R04,65,30,4,-53.98628,0.39780137,0.51563096,-61.219265,0.09370667,0.79740447
T65_RH30_R05,65,30,5,-54.10491,0.35726035,0.50994843,-61.244984,0.11828492,0.7783298
T65_RH30_R06,65,30,6,-53.994675,0.4142592,0.52146924,-61.19885,0.15864217,0.7739377
T65_RH30_R07,65,30,7,-53.999214,0.40175626,0.51647925,-61.200195,0.11797913,0.783597
T65_RH30_R08,65,30,8,-53.978333,0.42011836,0.51614857,-61.164738,0.106933504,0.79161483
T65_RH30_R09,65,30,9,-53.97471,0.40004972,0.5084203,-61.169865,0.12681788,0.7934718
T65_RH30_R10,65,30,10,-53.998478,0.37029818,0.5129789,-61.163017,0.1318844,0.7782219
T65_RH30_R11,65,30,11,-53.984234,0.38225615,0.52405345,-61.17212,0.115942545,0.78428245
T65_RH30_R12,65,30,12,-53.91688,0.40615803,0.5125325,-61.14972,0.13161553,0.7726968
T65_RH30_R13,65,30,13,-54.044086,0.36548814,0.51131666,-61.176743,0.12317415,0.7857204
T65_RH30_R14,65,30,14,-54.02573,0.39430055,0.514928,-61.153934,0.10773953,0.7772304
T65_RH30_R15,65,30,15,-53.98643,0.39295313,0.5223054,-61.1518,0.11512056,0.7915811
T65_RH30_R16,65,30,16,-53.95407,0.40738147,0.51576775,-61.157562,0.10923518,0.78758854
T65_RH30_R17,65,30,17,-53.8652,0.3842609,0.51987743,-61.145885,0.11104291,0.78213537
T65_RH30_R18,65,30,18,-54.07613,0.36907598,0.5235402,-61.187492,0.1193236,0.7911391
T65_RH30_R19,65,30,19,-53.96172,0.42166522,0.51510775,-61.19834,0.14937072,0.7841192
T65_RH30_R20,65,30,20,-54.484562,0.3009633,0.5163258,-61.745243,0.23101413,0.79426414
T65_RH40_R01,65,40,1,-54.009468,0.39521253,0.5110229,-58.985504,15.497862,0.7844474
T65_RH40_R02,65,40,2,-54.100136,0.40022743,0.5043905,-59.499134,14.69434,0.77320015
T65_RH40_R03,65,40,3,-54.05676,0.4040782,0.49007547,-59.495293,14.678609,0.77208626
T65_RH40_R04,65,40,4,-53.972557,0.38528374,0.50791335,-62.96981,0.25656557,0.77195746
T65_RH40_R05,65,40,5,-54.172943,0.41863558,0.4966084,-62.654408,5.32119,0.7556992
T65_RH40_R06,65,40,6,-54.042305,0.4025893,0.5130323,-63.023827,0.24273735,0.77659786
T65_RH40_R07,65,40,7,-54.053688,0.42281696,0.5128453,-62.59897,5.3185616,0.7750344
T65_RH40_R08,65,40,8,-54.086357,0.37365082,0.5151548,-63.032143,0.25701216,0.77396286
T65_RH40_R09,65,40,9,-54.124523,0.37425557,0.48856053,-59.47627,14.67014,0.76684105
T65_RH40_R10,65,40,10,-54.105595,0.40966168,0.50841665,-61.699722,9.104831,0.77219415
T65_RH40_R11,65,40,11,-54.14165,0.37673658,0.4961743,-59.52758,14.702845,0.7774292
T65_RH40_R12,65,40,12,-54.142303,0.3820208,0.5100595,-62.243835,7.476738,0.77213526
T65_RH40_R13,65,40,13,-54.114723,0.43887058,0.5012512,-59.05872,15.52301,0.78252953
T65_RH40_R14,65,40,14,-54.200665,0.37312984,0.49689785,-63.167336,0.19634901,0.77496195
T65_RH40_R15,65,40,15,-54.228153,0.34755972,0.51212716,-63.237415,0.16152723,0.77997476
T65_RH40_R16,65,40,16,-54.210743,0.40670314,0.49087605,-59.596863,14.692484,0.7661147
T65_RH40_R17,65,40,17,-54.20941,0.3657778,0.5169607,-63.18941,0.1621948,0.78068095
T65_RH40_R18,65,40,18,-54.19045,0.38783506,0.4992914,-60.03672,13.784692,0.7798762
T65_RH40_R19,65,40,19,-54.130356,0.38798127,0.5096651,-63.19326,0.1915635,0.76632345
T65_RH40_R20,65,40,20,-54.22185,0.3364588,0.5000716,-63.21706,0.17666958,0.7681527
T65_RH50_R01,65,50,1,-54.215405,0.37369993,0.5090073,-64.83539,0.13842826,0.7721497
T65_RH50_R02,65,50,2,-54.24522,0.37079427,0.5384456,-60.150482,16.740313,0.779146
T65_RH50_R03,65,50,3,-54.242542,0.33937216,0.5003676,-62.957016,10.851087,0.76762164
T65_RH50_R04,65,50,4,-54.244625,0.343208,0.4972194,-61.584312,14.189962,0.77018607
T65_RH50_R05,65,50,5,-54.207806,0.3600228,0.49237114,-62.510017,12.072993,0.7731297
T65_RH50_R06,65,50,6,-54.209934,0.36841103,0.51497483,-64.81557,0.16229343,0.7639122
T65_RH50_R07,65,50,7,-54.229717,0.35686478,0.52268434,-63.448326,9.414569,0.7625322
T65_RH50_R08,65,50,8,-54.19511,0.37513885,0.5335822,-64.76928,0.15949589,0.7710287
T65_RH50_R09,65,50,9,-54.161568,0.3755779,0.5312624,-60.173397,16.7417,0.7817663
T65_RH50_R10,65,50,10,-54.183113,0.37931648,0.52022916,-62.500515,12.029467,0.7718039
T65_RH50_R11,65,50,11,-54.107254,0.39970478,0.50899917,-60.1416,16.747784,0.77871853
T65_RH50_R12,65,50,12,-54.267773,0.37310913,0.51751155,-60.183384,16.757227,0.7652528
T65_RH50_R13,65,50,13,-54.18648,0.38727522,0.4941608,-60.165478,16.78787,0.77944297
T65_RH50_R14,65,50,14,-54.18105,0.3837519,0.5266279,-60.146904,16.764515,0.7775189
T65_RH50_R15,65,50,15,-54.156826,0.41703162,0.5303542,-64.79781,0.14629611,0.77540314
T65_RH50_R16,65,50,16,-54.184544,0.38288313,0.5026992,-59.71176,17.535662,0.7872721
T65_RH50_R17,65,50,17,-54.2132,0.37849772,0.52030903,-64.80912,0.12980011,0.7583547
T65_RH50_R18,65,50,18,-54.224354,0.3697648,0.4921257,-60.645374,15.963479,0.77379036
T65_RH50_R19,65,50,19,-54.127056,0.38662112,0.5131962,-62.93107,10.778089,0.7676411
T65_RH50_R20,65,50,20,-54.136177,0.3864396,0.5349564,-60.150085,16.765095,0.7791009
T65_RH60_R01,65,60,1,-54.173878,0.40559715,0.5051856,-61.85201,17.244,0.73473895
T65_RH60_R02,65,60,2,-54.213333,0.37534124,0.51149577,-59.93927,20.122261,0.7721515
T65_RH60_R03,65,60,3,-54.24881,0.38274634,0.51750594,-61.802567,17.240425,0.74265367
T65_RH60_R04,65,60,4,-54.279644,0.360565,0.5252426,-66.7384,0.28570372,0.73083
T65_RH60_R05,65,60,5,-54.23947,0.36616603,0.48402143,-66.63132,0.28770694,0.7419028
T65_RH60_R06,65,60,6,-54.24385,0.3985111,0.48997536,-61.851505,17.23944,0.746184
T65_RH60_R07,65,60,7,-54.236633,0.4017828,0.5271413,-66.64213,0.28662047,0.7262847
T65_RH60_R08,65,60,8,-54.2423,0.37825882,0.5178634,-66.68328,0.2843087,0.73154896
T65_RH60_R09,65,60,9,-54.280064,0.33330706,0.5254303,-66.65367,0.28877604,0.7421509
T65_RH60_R10,65,60,10,-54.219624,0.3858927,0.4974618,-59.505016,20.717138,0.7585387
T65_RH60_R11,65,60,11,-54.197678,0.40295845,0.49003142,-66.70489,0.299563,0.75039434
T65_RH60_R12,65,60,12,-54.170788,0.3858924,0.48072532,-63.34252,14.592612,0.7448824
T65_RH60_R13,65,60,13,-54.242207,0.35827097,0.52851063,-66.688644,0.29395705,0.7492043
T65_RH60_R14,65,60,14,-54.242817,0.39508882,0.49926245,-66.74421,0.28263935,0.7362929
T65_RH60_R15,65,60,15,-54.28264,0.36334717,0.49066794,-66.69115,0.29392523,0.7351345
T65_RH60_R16,65,60,16,-54.240845,0.41858593,0.516419,-65.26909,9.653184,0.7371855
T65_RH60_R17,65,60,17,-54.25592,0.35255823,0.5064116,-65.295586,9.680338,0.733095
T65_RH60_R18,65,60,18,-54.31002,0.35898963,0.5317123,-66.747025,0.26379582,0.7349569
T65_RH60_R19,65,60,19,-54.203907,0.36924002,0.51047385,-61.914482,17.269503,0.76396203
T65_RH60_R20,65,60,20,-54.276756,0.3918051,0.5023873,-66.68638,0.2851017,0.7348659
T65_RH70_R01,65,70,1,-54.30489,0.35954317,0.5329578,-64.60796,15.986247,0.7480708
T65_RH70_R02,65,70,2,-54.34745,0.38494152,0.50920457,-60.205,22.508572,0.79025084
T65_RH70_R03,65,70,3,-54.376663,0.35301214,0.5202311,-68.53365,0.1673154,0.7552848
T65_RH70_R04,65,70,4,-54.297363,0.32661295,0.52250683,-68.50803,0.15622021,0.74714684
T65_RH70_R05,65,70,5,-54.307095,0.3910692,0.50608724,-68.51969,0.15600334,0.75669986
T65_RH70_R06,65,70,6,-54.33282,0.3066068,0.51549834,-66.58278,11.448596,0.7459921
T65_RH70_R07,65,70,7,-54.36579,0.39162746,0.52312756,-68.55706,0.15356371,0.743361
T65_RH70_R08,65,70,8,-54.319195,0.3700089,0.50113684,-68.53832,0.16647235,0.75008434
T65_RH70_R09,65,70,9,-54.323627,0.32546112,0.4861871,-68.53406,0.15812618,0.74532306
T65_RH70_R10,65,70,10,-54.26432,0.37553558,0.49763304,-66.10146,12.7477045,0.750399
T65_RH70_R11,65,70,11,-54.309036,0.3732729,0.529524,-68.52893,0.17302342,0.7541067
T65_RH70_R12,65,70,12,-54.30625,0.38364562,0.516556,-68.5031,0.16126515,0.75364214
T65_RH70_R13,65,70,13,-54.189,0.3877114,0.47929546,-66.58485,11.45396,0.74003756
T65_RH70_R14,65,70,14,-54.343086,0.3514952,0.51574457,-68.53128,0.17732087,0.7522028
T65_RH70_R15,65,70,15,-54.292664,0.3945433,0.5124,-65.55982,13.940153,0.745672
T65_RH70_R16,65,70,16,-54.35008,0.36802086,0.52520424,-68.53275,0.1714231,0.7431672
T65_RH70_R17,65,70,17,-54.289753,0.37087947,0.50426203,-68.53128,0.14969893,0.75401336
T65_RH70_R18,65,70,18,-54.263676,0.345193,0.50447065,-68.53203,0.1618608,0.7381201
T65_RH70_R19,65,70,19,-54.272797,0.3515927,0.46844652,-66.60508,11.446597,0.7422263
T65_RH70_R20,65,70,20,-54.28301,0.46368816,0.4743059,-68.52738,0.16111992,0.7488343
T65_RH80_R01,65,80,1,-54.32915,0.38701117,0.4720295,-61.893555,23.159283,0.7897598
T65_RH80_R02,65,80,2,-54.393635,0.4314096,0.50351584,-70.465126,0.29237214,0.73988813
T65_RH80_R03,65,80,3,-54.379383,0.35104796,0.50020057,-61.927036,23.175999,0.790466
T65_RH80_R04,65,80,4,-54.36974,0.28977907,0.5226158,-61.84131,23.136421,0.80567485
T65_RH80_R05,65,80,5,-54.386795,0.28128204,0.5166334,-65.41208,18.280748,0.7470338
T65_RH80_R06,65,80,6,-54.49787,0.31976852,0.52650607,-70.509995,0.28853732,0.73488617
T65_RH80_R07,65,80,7,-54.28388,0.35822943,0.5018318,-61.841698,23.138025,0.81228167
T65_RH80_R08,65,80,8,-54.348705,0.45334318,0.4812962,-62.843765,21.923948,0.77376634
T65_RH80_R09,65,80,9,-54.39329,0.3938047,0.4944602,-61.87832,23.161448,0.78480303
T65_RH80_R10,65,80,10,-54.44778,0.33291343,0.53942597,-61.880203,23.13936,0.8198917
T65_RH80_R11,65,80,11,-54.369427,0.3468232,0.51574945,-61.816254,23.14248,0.77998674
T65_RH80_R12,65,80,12,-54.35409,0.4084179,0.50427234,-61.85248,23.156172,0.8112969
T65_RH80_R13,65,80,13,-54.293777,0.4122083,0.49475262,-70.47818,0.29136804,0.73631394
T65_RH80_R14,65,80,14,-54.3066,0.39202556,0.4797331,-62.392963,22.561518,0.7818885
T65_RH80_R15,65,80,15,-54.417427,0.34236598,0.5343467,-61.836815,23.126017,0.8127509
T65_RH80_R16,65,80,16,-54.289543,0.36348814,0.48678267,-61.828,23.132011,0.7958361
T65_RH80_R17,65,80,17,-54.412865,0.3225934,0.50230265,-61.859764,23.13637,0.7861832
T65_RH80_R18,65,80,18,-54.388515,0.29952148,0.5196391,-62.376717,22.558092,0.7815024
T65_RH80_R19,65,80,19,-54.40685,0.3818131,0.4974738,-61.86017,23.145672,0.7991994
T65_RH80_R20,65,80,20,-54.289547,0.42692795,0.4663038,-63.372375,21.300503,0.7534264
T75_RH20_R01,75,20,1,-68.67363,0.31758055,0.49517015,-75.78492,0.21889192,0.75440687
T75_RH20_R02,75,20,2,-68.57548,0.32599473,0.45299917,-75.81066,0.22753675,0.75437135
T75_RH20_R03,75,20,3,-68.71422,0.32095844,0.50278634,-75.80691,0.22366767,0.7546323
T75_RH20_R04,75,20,4,-68.70297,0.36993188,0.46187416,-75.86275,0.1737705,0.74814826
T75_RH20_R05,75,20,5,-68.68379,0.35692826,0.4683463,-75.86362,0.19873215,0.75343674
T75_RH20_R06,75,20,6,-68.69189,0.3604215,0.45256865,-75.83829,0.2177621,0.75990087
T75_RH20_R07,75,20,7,-68.679535,0.3055434,0.47624955,-75.85001,0.18303157,0.7560545
T75_RH20_R08,75,20,8,-68.71387,0.3735005,0.4598428,-75.88179,0.17791107,0.7643995
T75_RH20_R09,75,20,9,-68.75859,0.36504972,0.48062477,-75.850685,0.20730156,0.744674
T75_RH20_R10,75,20,10,-68.7168,0.34141797,0.49299702,-75.85198,0.19193482,0.754787
T75_RH20_R11,75,20,11,-68.72384,0.30688736,0.5150268,-75.841705,0.21974464,0.75313896
T75_RH20_R12,75,20,12,-68.69444,0.31812537,0.48701864,-75.839966,0.20252374,0.7564254
T75_RH20_R13,75,20,13,-68.76437,0.36509207,0.48532268,-75.910324,0.16473839,0.7491823
T75_RH20_R14,75,20,14,-68.692795,0.31700352,0.47629133,-75.88581,0.18232943,0.75941074
T75_RH20_R15,75,20,15,-68.68479,0.33775955,0.5019915,-75.75465,0.22651005,0.7617169
T75_RH20_R16,75,20,16,-68.574425,0.3551774,0.4862296,-75.62931,0.25408334,0.7600543
T75_RH20_R17,75,20,17,-68.53322,0.34374836,0.46024895,-75.577614,0.27138427,0.7495765
T75_RH20_R18,75,20,18,-68.56521,0.3531995,0.49372718,-75.51261,0.26721603,0.75447994
T75_RH20_R19,75,20,19,-68.576454,0.3327705,0.49643695,-75.52448,0.26483417,0.74847955
T75_RH20_R20,75,20,20,-68.657005,0.34585333,0.49935263,-75.55073,0.27243304,0.748665
T75_RH30_R01,75,30,1,-68.60333,0.31891757,0.48297632,-77.23104,0.16162193,0.76239353
T75_RH30_R02,75,30,2,-68.56213,0.32125545,0.4956648,-77.18615,0.1860827,0.76738256
T75_RH30_R03,75,30,3,-68.542114,0.30813408,0.47716942,-77.18698,0.16926625,0.7626018
T75_RH30_R04,75,30,4,-68.57489,0.26184896,0.50569797,-77.19228,0.16182421,0.76987946
T75_RH30_R05,75,30,5,-68.496216,0.33498493,0.46566653,-77.19627,0.14581029,0.7650371
T75_RH30_R06,75,30,6,-68.57427,0.40623623,0.4619509,-77.22612,0.17488329,0.7773939
T75_RH30_R07,75,30,7,-68.611855,0.37198392,0.46900132,-77.23304,0.13602854,0.76916367
T75_RH30_R08,75,30,8,-68.59432,0.3286909,0.5002286,-77.19775,0.17515232,0.774263
T75_RH30_R09,75,30,9,-68.46597,0.35681945,0.4549245,-77.19341,0.18494111,0.7673775
T75_RH30_R10,75,30,10,-68.619965,0.2695424,0.50772446,-77.23171,0.12991157,0.78149843
T75_RH30_R11,75,30,11,-68.61741,0.3668109,0.46492663,-77.253525,0.14083625,0.7586703
T75_RH30_R12,75,30,12,-68.51034,0.4306485,0.44796172,-77.20264,0.1675355,0.774468
T75_RH30_R13,75,30,13,-68.645996,0.30517906,0.50405735,-77.26206,0.16535369,0.77141654
T75_RH30_R14,75,30,14,-68.538895,0.35241753,0.44445562,-76.12437,9.200694,0.7552072
T75_RH30_R15,75,30,15,-68.620476,0.298511,0.48837122,-77.24695,0.15113524,0.76243657
T75_RH30_R16,75,30,16,-68.695145,0.29215902,0.5160249,-77.23008,0.14012213,0.7755058
T75_RH30_R17,75,30,17,-68.564186,0.33607927,0.46879354,-77.19614,0.18443081,0.75902385
T75_RH30_R18,75,30,18,-68.55359,0.3571446,0.46914685,-77.246315,0.13646199,0.773568
T75_RH30_R19,75,30,19,-68.56992,0.29413703,0.49656308,-76.64925,6.504645,0.75893754
T75_RH30_R20,75,30,20,-68.69626,0.32365388,0.47747442,-77.26585,0.17329726,0.7434047
T75_RH40_R01,75,40,1,-68.611244,0.3378094,0.48944616,-75.461365,16.004883,0.7516304
T75_RH40_R02,75,40,2,-68.544975,0.36216655,0.4822564,-73.76892,19.408943,0.76276284
T75_RH40_R03,75,40,3,-68.5055,0.38812646,0.44680896,-78.798325,0.13262276,0.74532163
T75_RH40_R04,75,40,4,-68.558556,0.37649125,0.4711951,-76.550514,13.153851,0.754834
T75_RH40_R05,75,40,5,-68.48094,0.40744805,0.45075756,-78.79043,0.12862411,0.75378245
T75_RH40_R06,75,40,6,-68.575584,0.29535866,0.46866325,-78.81994,0.13600884,0.74915934
T75_RH40_R07,75,40,7,-68.54797,0.39099494,0.4535309,-74.35202,18.369247,0.7494352
T75_RH40_R08,75,40,8,-68.57947,0.3068656,0.48066264,-74.36006,18.382084,0.7448481
T75_RH40_R09,75,40,9,-68.602425,0.4221063,0.4706745,-76.59979,13.148958,0.75300753
T75_RH40_R10,75,40,10,-68.57451,0.41684052,0.4676384,-74.31857,18.352892,0.75383806
T75_RH40_R11,75,40,11,-68.49722,0.40933004,0.4609158,-75.983215,14.657192,0.74607605
T75_RH40_R12,75,40,12,-68.63408,0.2990653,0.47659507,-78.83304,0.12450815,0.7515527
T75_RH40_R13,75,40,13,-68.505295,0.40984088,0.44890988,-74.864815,17.242495,0.7501424
T75_RH40_R14,75,40,14,-68.52326,0.39224228,0.46065792,-76.535576,13.163211,0.74740314
T75_RH40_R15,75,40,15,-68.49089,0.39838305,0.44977465,-73.716125,19.41944,0.74996513
T75_RH40_R16,75,40,16,-68.54809,0.3476097,0.48235953,-73.72808,19.415176,0.74932456
T75_RH40_R17,75,40,17,-68.54415,0.3662736,0.45611295,-76.00818,14.667403,0.7384696
T75_RH40_R18,75,40,18,-68.52161,0.37286234,0.457637,-75.9969,14.666853,0.7525727
T75_RH40_R19,75,40,19,-68.60883,0.278771,0.49256277,-76.56238,13.150061,0.7476565
T75_RH40_R20,75,40,20,-68.56865,0.3140598,0.46783972,-78.805214,0.13471459,0.74940753
T75_RH50_R01,75,50,1,-68.68013,0.372103,0.46763822,-74.858284,20.855043,0.75380534
T75_RH50_R02,75,50,2,-68.62357,0.40158865,0.45561424,-80.63268,0.2939279,0.742278
T75_RH50_R03,75,50,3,-68.60382,0.41249555,0.47294426,-74.77207,20.816614,0.7607615
T75_RH50_R04,75,50,4,-68.5718,0.41861054,0.463603,-77.14806,16.385727,0.74447316
T75_RH50_R05,75,50,5,-68.68574,0.3384938,0.48951536,-78.85232,11.654668,0.73294264
T75_RH50_R06,75,50,6,-68.59853,0.3542082,0.47273037,-80.56033,0.3066109,0.7375549
T75_RH50_R07,75,50,7,-68.613144,0.3087161,0.49236408,-75.94989,18.75993,0.74974346
T75_RH50_R08,75,50,8,-68.661385,0.46499816,0.46762902,-78.23904,13.427841,0.7428077
T75_RH50_R09,75,50,9,-68.7166,0.34746692,0.4914795,-74.789024,20.826893,0.7541163
T75_RH50_R10,75,50,10,-68.62342,0.34529746,0.479486,-78.8274,11.680801,0.73825425
T75_RH50_R11,75,50,11,-68.70511,0.47709027,0.44112805,-80.0197,6.783098,0.7446179
T75_RH50_R12,75,50,12,-68.61247,0.3537318,0.47424495,-80.54898,0.27094564,0.753023
T75_RH50_R13,75,50,13,-68.63197,0.2671214,0.49467796,-74.74827,20.825207,0.74484706
T75_RH50_R14,75,50,14,-68.62804,0.3498499,0.47632653,-74.74636,20.814827,0.7582198
T75_RH50_R15,75,50,15,-68.58582,0.32485735,0.4794326,-74.72486,20.830643,0.7486397
T75_RH50_R16,75,50,16,-68.64294,0.26330405,0.511713,-75.38203,19.843422,0.75950307
T75_RH50_R17,75,50,17,-68.60402,0.41120124,0.46072435,-75.90978,18.76393,0.74775726
T75_RH50_R18,75,50,18,-68.59595,0.48278174,0.44505644,-75.36178,19.83551,0.74776363
T75_RH50_R19,75,50,19,-68.5768,0.4548847,0.46997702,-80.52327,0.30715823,0.7380883
T75_RH50_R20,75,50,20,-68.685524,0.28477576,0.50567245,-75.41471,19.854956,0.7495239
T75_RH60_R01,75,60,1,-68.81307,0.34657943,0.5015999,-75.99354,22.278751,0.76706266
T75_RH60_R02,75,60,2,-68.812126,0.35936445,0.46782097,-82.45148,0.16560766,0.7324649
T75_RH60_R03,75,60,3,-68.72404,0.38697338,0.45988214,-76.50488,21.321413,0.7458369
T75_RH60_R04,75,60,4,-68.77666,0.41333932,0.46008998,-78.875206,16.757648,0.74288946
T75_RH60_R05,75,60,5,-68.754715,0.39788884,0.46105713,-76.52836,21.322779,0.7491429
T75_RH60_R06,75,60,6,-68.7125,0.38424578,0.46601257,-78.30553,18.053282,0.73760813
T75_RH60_R07,75,60,7,-68.72981,0.32629976,0.47951475,-76.54686,21.320177,0.75485986
T75_RH60_R08,75,60,8,-68.68761,0.42892706,0.44778037,-76.46691,21.27855,0.7510755
T75_RH60_R09,75,60,9,-68.766235,0.34741563,0.4956423,-76.457954,21.30932,0.7481561
T75_RH60_R10,75,60,10,-68.74505,0.34369293,0.48551288,-82.38826,0.1937616,0.75587636
T75_RH60_R11,75,60,11,-68.6803,0.5313448,0.420148,-77.65785,19.198778,0.7353858
T75_RH60_R12,75,60,12,-68.74773,0.32056615,0.49697265,-80.02687,13.731674,0.7345763
T75_RH60_R13,75,60,13,-68.748856,0.36129388,0.48778206,-75.92076,22.261126,0.75898415
T75_RH60_R14,75,60,14,-68.68365,0.43942428,0.43711618,-76.48471,21.297462,0.7523044
T75_RH60_R15,75,60,15,-68.69636,0.4903566,0.4434919,-82.39707,0.19143568,0.7431059
T75_RH60_R16,75,60,16,-68.707146,0.48547387,0.4313505,-80.60986,11.96349,0.7418761
T75_RH60_R17,75,60,17,-68.72306,0.53580266,0.43564737,-78.27535,18.044828,0.73928887
T75_RH60_R18,75,60,18,-68.798355,0.3153204,0.48619863,-74.13437,24.818144,0.75584763
T75_RH60_R19,75,60,19,-68.754715,0.29799968,0.47945905,-76.46421,21.293274,0.74991065
T75_RH60_R20,75,60,20,-68.810684,0.34385026,0.46876952,-75.891846,22.260115,0.76260513
T75_RH70_R01,75,70,1,-68.66246,0.44808027,0.44854912,-79.286964,19.621462,0.7347421
T75_RH70_R02,75,70,2,-68.82043,0.40276906,0.48356423,-75.6945,25.371115,0.7512885
T75_RH70_R03,75,70,3,-68.66441,0.38123545,0.4430232,-78.12822,21.762949,0.7318642
T75_RH70_R04,75,70,4,-68.68401,0.37280408,0.4755893,-75.09707,26.16134,0.75691676
T75_RH70_R05,75,70,5,-68.682045,0.47503403,0.45763713,-78.11207,21.773764,0.74549025
T75_RH70_R06,75,70,6,-68.69014,0.4481706,0.44630083,-75.110245,26.17211,0.7636781
T75_RH70_R07,75,70,7,-68.8166,0.35665536,0.47414604,-84.08811,0.18080221,0.733335
T75_RH70_R08,75,70,8,-68.708466,0.4657817,0.41924864,-74.5036,26.889883,0.767464
T75_RH70_R09,75,70,9,-68.7616,0.3918106,0.46691176,-81.76026,14.015113,0.7367417
T75_RH70_R10,75,70,10,-68.69715,0.46583834,0.42819527,-74.47394,26.892063,0.7720637
T75_RH70_R11,75,70,11,-68.71053,0.4236415,0.43249658,-84.0944,0.18666862,0.72925514
T75_RH70_R12,75,70,12,-68.68107,0.42797577,0.44834945,-74.48785,26.891348,0.75305384
T75_RH70_R13,75,70,13,-68.69832,0.45212737,0.43624154,-84.08774,0.2094109,0.7209831
T75_RH70_R14,75,70,14,-68.688,0.33094314,0.47276884,-84.086464,0.19722535,0.7266896
T75_RH70_R15,75,70,15,-68.75446,0.3816175,0.47391108,-74.45398,26.8984,0.7535346
T75_RH70_R16,75,70,16,-68.66187,0.46327758,0.43956146,-76.89255,23.667368,0.7562756
T75_RH70_R17,75,70,17,-68.75184,0.37073416,0.48793268,-78.09887,21.750132,0.750958
T75_RH70_R18,75,70,18,-68.785645,0.38810235,0.4862913,-84.08223,0.19290392,0.74421984
T75_RH70_R19,75,70,19,-68.73214,0.44019842,0.4480788,-75.07652,26.147253,0.75196254
T75_RH70_R20,75,70,20,-68.74503,0.34686574,0.46451187,-74.43954,26.886703,0.76291806
T75_RH80_R01,75,80,1,-68.75371,0.4821205,0.4508335,-86.07482,0.26088655,0.7399174
T75_RH80_R02,75,80,2,-68.785225,0.44,0.47961485,-76.20671,27.526972,0.7637167
T75_RH80_R03,75,80,3,-68.79164,0.4488802,0.47842494,-84.861336,10.219144,0.7343824
T75_RH80_R04,75,80,4,-68.838394,0.4527124,0.48566812,-79.30435,23.256443,0.75185
T75_RH80_R05,75,80,5,-68.75356,0.46680877,0.45793948,-86.07385,0.2855313,0.7266087
T75_RH80_R06,75,80,6,-68.83421,0.35314637,0.48279572,-86.11552,0.24228218,0.733834
T75_RH80_R07,75,80,7,-68.755486,0.41824692,0.46512616,-86.07909,0.23892981,0.73458123
T75_RH80_R08,75,80,8,-68.721115,0.42070112,0.457304,-75.595436,28.258055,0.8007366
T75_RH80_R09,75,80,9,-68.8618,0.38788873,0.4941016,-76.222565,27.538757,0.770955
T75_RH80_R10,75,80,10,-68.80155,0.37646616,0.46360627,-79.95662,22.28052,0.72457147
T75_RH80_R11,75,80,11,-68.84436,0.43896103,0.47333854,-75.00166,28.935593,0.7967944
T75_RH80_R12,75,80,12,-68.833466,0.38320565,0.4882598,-80.55124,21.185287,0.74253803
T75_RH80_R13,75,80,13,-68.8175,0.34700227,0.46508086,-74.96479,28.928436,0.78209525
T75_RH80_R14,75,80,14,-68.806946,0.36740625,0.47398725,-74.93819,28.933836,0.80264175
T75_RH80_R15,75,80,15,-68.791824,0.34705335,0.47815594,-78.661,24.185772,0.75058025
T75_RH80_R16,75,80,16,-68.72935,0.34395775,0.46253684,-81.75018,18.80263,0.72279644
T75_RH80_R17,75,80,17,-68.77867,0.4131432,0.4745359,-81.12279,20.07185,0.74168855
T75_RH80_R18,75,80,18,-68.726616,0.373163,0.47229812,-76.17366,27.499037,0.7715961
T75_RH80_R19,75,80,19,-68.76839,0.46709853,0.44881257,-86.06051,0.25850594,0.73311037
T75_RH80_R20,75,80,20,-68.78499,0.3669813,0.4786029,-76.80871,26.758474,0.7566704
